Datetime,Open,High,Low,Close,Adj Close,Volume
2023-10-01 00:00:00,26967.396484375,26999.72265625,26965.09375,26994.609375,26994.609375,0
2023-10-01 01:00:00,26995.111328125,27032.787109375,26988.4765625,27030.03125,27030.03125,16427008
2023-10-01 02:00:00,27027.078125,27048.111328125,27026.638671875,27031.62109375,27031.62109375,26724352
2023-10-01 03:00:00,27031.962890625,27052.25390625,27018.943359375,27051.591796875,27051.591796875,11719680
2023-10-01 04:00:00,27051.0703125,27052.173828125,27030.4453125,27052.173828125,27052.173828125,0
2023-10-01 05:00:00,27051.37109375,27079.71484375,27047.32421875,27079.71484375,27079.71484375,75660288
2023-10-01 06:00:00,27077.57421875,27138.06640625,27077.57421875,27136.6875,27136.6875,207573504
2023-10-01 07:00:00,27134.55078125,27154.27734375,27110.9765625,27117.158203125,27117.158203125,68800000
2023-10-01 08:00:00,27118.216796875,27161.197265625,27106.50390625,27138.689453125,27138.689453125,47854080
2023-10-01 09:00:00,27143.271484375,27228.712890625,27143.271484375,27220.17578125,27220.17578125,231099392
2023-10-01 10:00:00,27223.73046875,27285.009765625,27178.359375,27206.82421875,27206.82421875,226997248
2023-10-01 11:00:00,27211.830078125,27247.1484375,27179.201171875,27202.6328125,27202.6328125,95579648
2023-10-01 12:00:00,27200.537109375,27207.021484375,27145.400390625,27196.625,27196.625,94671872
2023-10-01 13:00:00,27200.583984375,27200.583984375,27160.53125,27193.09375,27193.09375,11002880
2023-10-01 14:00:00,27196.24609375,27234.65234375,27111.48046875,27115.583984375,27115.583984375,50719744
2023-10-01 15:00:00,27122.3125,27158.505859375,27119.3671875,27156.640625,27156.640625,0
2023-10-01 16:00:00,27156.275390625,27159.78515625,27100.150390625,27114.923828125,27114.923828125,0
2023-10-01 17:00:00,27116.236328125,27144.4453125,27066.0390625,27078.275390625,27078.275390625,69362176
2023-10-01 18:00:00,27079.060546875,27103.376953125,27073.943359375,27096.447265625,27096.447265625,42425856
2023-10-01 19:00:00,27097.89453125,27112.1171875,27085.47265625,27105.357421875,27105.357421875,0
2023-10-01 20:00:00,27107.3515625,27142.548828125,27056.29296875,27113.890625,27113.890625,121747456
2023-10-01 21:00:00,27113.126953125,27161.994140625,27103.947265625,27160.599609375,27160.599609375,0
2023-10-01 22:00:00,27168.25390625,28047.23828125,27168.25390625,27959.861328125,27959.861328125,2290574848
2023-10-01 23:00:00,27985.658203125,28011.380859375,27871.013671875,27983.21875,27983.21875,834944000
2023-10-02 00:00:00,27976.798828125,28032.09375,27904.25390625,27936.154296875,27936.154296875,695280640
2023-10-02 01:00:00,27936.640625,27962.27734375,27837.6875,27919.294921875,27919.294921875,407851008
2023-10-02 02:00:00,27920.888671875,28001.859375,27915.4921875,27990.68359375,27990.68359375,322618368
2023-10-02 03:00:00,27990.0078125,28143.666015625,27966.82421875,28103.494140625,28103.494140625,636149760
2023-10-02 04:00:00,28125.1328125,28145.302734375,28037.013671875,28071.54296875,28071.54296875,388441088
2023-10-02 05:00:00,28073.669921875,28107.111328125,27960.009765625,27993.572265625,27993.572265625,419952640
2023-10-02 06:00:00,27987.7265625,28091.369140625,27979.8203125,28091.23828125,28091.23828125,173773824
2023-10-02 07:00:00,28110.93359375,28402.677734375,28110.93359375,28291.509765625,28291.509765625,882821120
2023-10-02 08:00:00,28311.095703125,28488.744140625,28266.7109375,28304.49609375,28304.49609375,1075058688
2023-10-02 09:00:00,28298.83984375,28329.201171875,28266.892578125,28309.197265625,28309.197265625,241112064
2023-10-02 10:00:00,28306.806640625,28344.369140625,28292.689453125,28314.265625,28314.265625,0
2023-10-02 11:00:00,28316.255859375,28367.60546875,28219.15234375,28219.15234375,28219.15234375,249798656
2023-10-02 12:00:00,28216.109375,28360.34375,28216.109375,28360.34375,28360.34375,342434816
2023-10-02 13:00:00,28359.423828125,28481.92578125,28320.970703125,28481.92578125,28481.92578125,572160000
2023-10-02 14:00:00,28494.458984375,28494.458984375,28216.568359375,28315.359375,28315.359375,969799680
2023-10-02 15:00:00,28320.97265625,28411.26953125,28016.51953125,28017.255859375,28017.255859375,735757312
2023-10-02 16:00:00,28060.2578125,28123.19921875,27884.306640625,27986.3046875,27986.3046875,992653312
2023-10-02 17:00:00,28006.44140625,28112.40625,27928.111328125,28065.244140625,28065.244140625,361461760
2023-10-02 18:00:00,28062.60546875,28104.6328125,27707.609375,27817.17578125,27817.17578125,793962496
2023-10-02 19:00:00,27809.234375,27971.0,27694.693359375,27960.14453125,27960.14453125,771239936
2023-10-02 20:00:00,27977.5703125,27977.5703125,27833.544921875,27833.544921875,27833.544921875,97255424
2023-10-02 21:00:00,27840.66015625,27873.779296875,27347.787109375,27473.103515625,27473.103515625,685926400
2023-10-02 22:00:00,27476.19921875,27562.05078125,27390.74609375,27562.05078125,27562.05078125,0
2023-10-02 23:00:00,27564.654296875,27616.265625,27488.88671875,27547.1015625,27547.1015625,0
2023-10-03 00:00:00,27508.251953125,27564.6171875,27418.8125,27418.8125,27418.8125,0
2023-10-03 01:00:00,27430.302734375,27562.78515625,27387.421875,27555.9140625,27555.9140625,0
2023-10-03 02:00:00,27557.251953125,27598.607421875,27529.685546875,27589.9375,27589.9375,0
2023-10-03 03:00:00,27589.509765625,27633.296875,27548.697265625,27603.08203125,27603.08203125,0
2023-10-03 04:00:00,27600.626953125,27630.65234375,27556.234375,27630.65234375,27630.65234375,0
2023-10-03 05:00:00,27626.93359375,27629.38671875,27576.197265625,27576.455078125,27576.455078125,0
2023-10-03 06:00:00,27581.412109375,27667.19140625,27566.736328125,27640.599609375,27640.599609375,0
2023-10-03 07:00:00,27639.021484375,27645.42578125,27540.126953125,27547.869140625,27547.869140625,0
2023-10-03 08:00:00,27544.931640625,27638.853515625,27544.931640625,27601.27734375,27601.27734375,0
2023-10-03 09:00:00,27601.15625,27621.28125,27556.353515625,27556.353515625,27556.353515625,0
2023-10-03 10:00:00,27559.08203125,27633.623046875,27557.619140625,27624.333984375,27624.333984375,0
2023-10-03 11:00:00,27628.3203125,27629.62890625,27477.85546875,27556.296875,27556.296875,0
2023-10-03 12:00:00,27559.01171875,27562.576171875,27439.40625,27459.90625,27459.90625,0
2023-10-03 13:00:00,27470.384765625,27578.302734375,27410.529296875,27559.0859375,27559.0859375,0
2023-10-03 14:00:00,27557.1875,27557.1875,27290.953125,27365.59375,27365.59375,0
2023-10-03 15:00:00,27356.615234375,27412.72265625,27260.154296875,27340.8671875,27340.8671875,0
2023-10-03 16:00:00,27347.248046875,27431.24609375,27324.84375,27400.271484375,27400.271484375,0
2023-10-03 17:00:00,27394.80859375,27471.078125,27394.17578125,27439.615234375,27439.615234375,0
2023-10-03 18:00:00,27439.50390625,27440.130859375,27311.232421875,27311.232421875,27311.232421875,0
2023-10-03 19:00:00,27308.32421875,27415.06640625,27266.521484375,27296.638671875,27296.638671875,0
2023-10-03 20:00:00,27271.00390625,27383.83203125,27216.001953125,27383.83203125,27383.83203125,208110592
2023-10-03 21:00:00,27395.0234375,27437.830078125,27372.705078125,27408.666015625,27408.666015625,0
2023-10-03 22:00:00,27404.01171875,27404.01171875,27283.501953125,27387.2578125,27387.2578125,0
2023-10-03 23:00:00,27400.38671875,27468.43359375,27393.11328125,27428.478515625,27428.478515625,0
2023-10-04 00:00:00,27429.07421875,27430.01953125,27248.10546875,27309.634765625,27309.634765625,140853248
2023-10-04 01:00:00,27309.525390625,27348.486328125,27269.763671875,27341.107421875,27341.107421875,51197952
2023-10-04 02:00:00,27337.767578125,27490.4453125,27314.158203125,27415.490234375,27415.490234375,199316480
2023-10-04 03:00:00,27413.466796875,27458.873046875,27413.103515625,27427.74609375,27427.74609375,0
2023-10-04 04:00:00,27428.06640625,27428.06640625,27385.03515625,27386.296875,27386.296875,0
2023-10-04 05:00:00,27388.837890625,27404.890625,27360.24609375,27401.599609375,27401.599609375,0
2023-10-04 06:00:00,27404.619140625,27412.96875,27358.154296875,27412.96875,27412.96875,0
2023-10-04 07:00:00,27413.087890625,27448.318359375,27406.087890625,27446.1953125,27446.1953125,0
2023-10-04 08:00:00,27445.4921875,27552.787109375,27439.98828125,27520.36328125,27520.36328125,87612416
2023-10-04 09:00:00,27520.36328125,27629.31640625,27515.984375,27629.31640625,27629.31640625,71863296
2023-10-04 10:00:00,27632.8984375,27632.8984375,27526.423828125,27537.908203125,27537.908203125,75214848
2023-10-04 11:00:00,27534.60546875,27602.32421875,27529.392578125,27573.419921875,27573.419921875,0
2023-10-04 12:00:00,27574.26953125,27627.556640625,27543.982421875,27575.6484375,27575.6484375,0
2023-10-04 13:00:00,27573.609375,27573.609375,27427.984375,27427.984375,27427.984375,0
2023-10-04 14:00:00,27418.248046875,27452.115234375,27339.267578125,27376.953125,27376.953125,0
2023-10-04 15:00:00,27380.8515625,27466.947265625,27364.8671875,27393.67578125,27393.67578125,0
2023-10-04 16:00:00,27402.408203125,27581.333984375,27400.330078125,27514.015625,27514.015625,49700864
2023-10-04 17:00:00,27520.1953125,27580.171875,27509.744140625,27539.015625,27539.015625,0
2023-10-04 18:00:00,27537.83203125,27617.29296875,27527.98046875,27617.29296875,27617.29296875,0
2023-10-04 19:00:00,27628.025390625,27826.658203125,27553.8359375,27629.748046875,27629.748046875,707612672
2023-10-04 20:00:00,27622.953125,27727.09375,27583.26953125,27658.60546875,27658.60546875,2633728
2023-10-04 21:00:00,27664.41796875,27761.27734375,27652.294921875,27696.064453125,27696.064453125,27942912
2023-10-04 22:00:00,27695.802734375,27773.525390625,27678.767578125,27752.5078125,27752.5078125,0
2023-10-04 23:00:00,27754.490234375,27816.1875,27754.490234375,27792.671875,27792.671875,0
2023-10-05 00:00:00,27798.646484375,27875.58984375,27732.19921875,27825.400390625,27825.400390625,0
2023-10-05 01:00:00,27823.650390625,27823.650390625,27699.45703125,27737.802734375,27737.802734375,0
2023-10-05 02:00:00,27737.802734375,27739.77734375,27675.6640625,27677.845703125,27677.845703125,0
2023-10-05 03:00:00,27684.30859375,27712.24609375,27663.74609375,27663.74609375,27663.74609375,0
2023-10-05 04:00:00,27661.630859375,27694.666015625,27657.03515625,27694.666015625,27694.666015625,12628992
2023-10-05 05:00:00,27698.3125,27700.931640625,27648.46875,27648.46875,27648.46875,1825792
2023-10-05 06:00:00,27649.85546875,27666.01171875,27621.369140625,27664.529296875,27664.529296875,99594240
2023-10-05 07:00:00,27663.251953125,27663.251953125,27560.27734375,27607.67578125,27607.67578125,68179968
2023-10-05 08:00:00,27608.029296875,27664.83203125,27596.990234375,27664.0078125,27664.0078125,0
2023-10-05 09:00:00,27664.0078125,27714.083984375,27647.154296875,27686.044921875,27686.044921875,0
2023-10-05 10:00:00,27684.853515625,27741.478515625,27667.8203125,27741.478515625,27741.478515625,0
2023-10-05 11:00:00,27742.830078125,27765.052734375,27708.55859375,27731.79296875,27731.79296875,0
2023-10-05 12:00:00,27731.00390625,27756.26171875,27689.662109375,27726.255859375,27726.255859375,26598400
2023-10-05 13:00:00,27729.14453125,28088.060546875,27729.14453125,28018.537109375,28018.537109375,818228224
2023-10-05 14:00:00,28006.849609375,28091.861328125,27938.685546875,27997.3046875,27997.3046875,329369600
2023-10-05 15:00:00,27979.767578125,27979.767578125,27424.740234375,27564.689453125,27564.689453125,1042753536
2023-10-05 16:00:00,27562.8359375,27608.083984375,27405.892578125,27438.58203125,27438.58203125,423716864
2023-10-05 17:00:00,27448.828125,27535.59765625,27375.6015625,27485.41796875,27485.41796875,302868480
2023-10-05 18:00:00,27489.03515625,27536.10546875,27427.763671875,27504.9453125,27504.9453125,114307072
2023-10-05 19:00:00,27503.78515625,27529.046875,27443.66796875,27486.52734375,27486.52734375,0
2023-10-05 20:00:00,27485.423828125,27501.529296875,27419.130859375,27445.400390625,27445.400390625,0
2023-10-05 21:00:00,27475.3046875,27508.4375,27462.150390625,27462.150390625,27462.150390625,0
2023-10-05 22:00:00,27464.4375,27472.18359375,27406.958984375,27443.3203125,27443.3203125,21597184
2023-10-05 23:00:00,27443.36328125,27466.91796875,27409.1484375,27414.0625,27414.0625,0
2023-10-06 00:00:00,27412.123046875,27469.029296875,27401.708984375,27458.0234375,27458.0234375,0
2023-10-06 01:00:00,27457.337890625,27535.380859375,27455.6328125,27522.544921875,27522.544921875,0
2023-10-06 02:00:00,27520.08984375,27584.43359375,27520.08984375,27559.388671875,27559.388671875,56520704
2023-10-06 03:00:00,27549.419921875,27577.373046875,27541.05859375,27562.724609375,27562.724609375,0
2023-10-06 04:00:00,27564.787109375,27564.802734375,27498.638671875,27526.54296875,27526.54296875,16140288
2023-10-06 05:00:00,27530.16015625,27530.16015625,27483.328125,27503.44140625,27503.44140625,516096
2023-10-06 06:00:00,27504.451171875,27515.83984375,27476.986328125,27498.04296875,27498.04296875,0
2023-10-06 07:00:00,27497.599609375,27645.70703125,27491.994140625,27639.271484375,27639.271484375,151096320
2023-10-06 08:00:00,27644.189453125,27662.2734375,27620.478515625,27622.6796875,27622.6796875,138020864
2023-10-06 09:00:00,27628.44921875,27705.1015625,27605.494140625,27705.1015625,27705.1015625,64953344
2023-10-06 10:00:00,27705.1015625,27807.37109375,27687.86328125,27687.86328125,27687.86328125,254272512
2023-10-06 11:00:00,27682.77734375,27760.92578125,27638.390625,27760.92578125,27760.92578125,125232128
2023-10-06 12:00:00,27760.859375,27762.619140625,27306.345703125,27306.345703125,27306.345703125,578956288
2023-10-06 13:00:00,27252.91015625,27680.8984375,27215.552734375,27512.248046875,27512.248046875,122690560
2023-10-06 14:00:00,27526.8671875,27700.544921875,27479.271484375,27665.77734375,27665.77734375,0
2023-10-06 15:00:00,27681.240234375,28041.380859375,27656.599609375,27934.322265625,27934.322265625,0
2023-10-06 16:00:00,27945.59375,28024.791015625,27831.03515625,27900.634765625,27900.634765625,0
2023-10-06 17:00:00,27899.015625,28006.53515625,27812.185546875,27961.94921875,27961.94921875,0
2023-10-06 18:00:00,27970.09765625,27996.45703125,27886.046875,27913.791015625,27913.791015625,0
2023-10-06 19:00:00,27918.080078125,28036.6484375,27898.234375,27981.943359375,27981.943359375,209191936
2023-10-06 20:00:00,27972.798828125,28024.494140625,27920.982421875,27993.853515625,27993.853515625,0
2023-10-06 21:00:00,27992.62890625,28252.537109375,27951.333984375,28077.763671875,28077.763671875,499575808
2023-10-06 22:00:00,28073.203125,28134.32421875,28004.087890625,28004.087890625,28004.087890625,168714240
2023-10-06 23:00:00,27993.53125,27993.53125,27898.095703125,27955.712890625,27955.712890625,168904704
2023-10-07 00:00:00,27946.78125,27968.072265625,27870.423828125,27935.201171875,27935.201171875,128750592
2023-10-07 01:00:00,27928.265625,27963.943359375,27894.57421875,27913.55078125,27913.55078125,0
2023-10-07 02:00:00,27915.23046875,27927.634765625,27889.6640625,27895.78515625,27895.78515625,0
2023-10-07 03:00:00,27893.70703125,27943.943359375,27893.70703125,27923.099609375,27923.099609375,24466432
2023-10-07 04:00:00,27921.701171875,27945.810546875,27920.810546875,27934.4296875,27934.4296875,0
2023-10-07 05:00:00,27933.33984375,27945.6640625,27907.822265625,27915.15234375,27915.15234375,0
2023-10-07 06:00:00,27914.6484375,27924.904296875,27894.95703125,27909.861328125,27909.861328125,0
2023-10-07 07:00:00,27909.41796875,27934.12890625,27901.78515625,27901.78515625,27901.78515625,0
2023-10-07 08:00:00,27906.0234375,28023.771484375,27899.478515625,28016.845703125,28016.845703125,0
2023-10-07 09:00:00,28019.65234375,28028.091796875,27958.34765625,27967.751953125,27967.751953125,0
2023-10-07 10:00:00,27966.4921875,27970.478515625,27949.34375,27967.244140625,27967.244140625,0
2023-10-07 11:00:00,27965.5625,28020.4765625,27951.978515625,27951.978515625,27951.978515625,0
2023-10-07 12:00:00,27954.99609375,27996.30078125,27954.99609375,27973.69140625,27973.69140625,0
2023-10-07 13:00:00,27972.59765625,27989.814453125,27926.466796875,27953.296875,27953.296875,0
2023-10-07 14:00:00,27953.611328125,27969.982421875,27933.3359375,27969.12890625,27969.12890625,0
2023-10-07 15:00:00,27970.6640625,27985.89453125,27924.2578125,27956.80078125,27956.80078125,0
2023-10-07 16:00:00,27957.173828125,27980.125,27951.716796875,27965.46484375,27965.46484375,0
2023-10-07 17:00:00,27960.150390625,27975.0234375,27924.44140625,27952.82421875,27952.82421875,0
2023-10-07 18:00:00,27951.08203125,27961.2421875,27893.94921875,27903.93359375,27903.93359375,0
2023-10-07 19:00:00,27907.197265625,27933.4453125,27878.798828125,27879.1484375,27879.1484375,0
2023-10-07 20:00:00,27877.373046875,27932.767578125,27875.64453125,27932.767578125,27932.767578125,0
2023-10-07 21:00:00,27932.328125,27968.82421875,27927.900390625,27948.248046875,27948.248046875,0
2023-10-07 22:00:00,27947.580078125,27968.44921875,27945.056640625,27967.892578125,27967.892578125,0
2023-10-07 23:00:00,27966.52734375,27976.1640625,27961.9296875,27967.9453125,27967.9453125,0
2023-10-08 00:00:00,27971.677734375,27996.029296875,27967.513671875,27991.708984375,27991.708984375,0
2023-10-08 01:00:00,27987.33203125,28031.1328125,27963.830078125,28018.296875,28018.296875,0
2023-10-08 02:00:00,28024.96875,28095.158203125,28007.35546875,28032.337890625,28032.337890625,77041152
2023-10-08 03:00:00,28031.083984375,28102.169921875,28017.498046875,28082.931640625,28082.931640625,124624896
2023-10-08 04:00:00,28082.931640625,28087.654296875,27944.271484375,27955.890625,27955.890625,392363520
2023-10-08 05:00:00,27949.1328125,27956.087890625,27907.59765625,27952.771484375,27952.771484375,130337280
2023-10-08 06:00:00,27953.5,27970.296875,27908.515625,27911.771484375,27911.771484375,0
2023-10-08 07:00:00,27911.431640625,27935.671875,27902.609375,27922.095703125,27922.095703125,0
2023-10-08 08:00:00,27922.265625,27950.453125,27898.72265625,27923.30859375,27923.30859375,0
2023-10-08 09:00:00,27926.3515625,27948.138671875,27882.84375,27896.73828125,27896.73828125,0
2023-10-08 10:00:00,27897.8125,27910.220703125,27813.25390625,27843.595703125,27843.595703125,167434240
2023-10-08 11:00:00,27837.6875,27862.728515625,27822.71875,27830.455078125,27830.455078125,0
2023-10-08 12:00:00,27826.52734375,27877.8828125,27820.677734375,27828.0859375,27828.0859375,0
2023-10-08 13:00:00,27828.2109375,27999.546875,27740.662109375,27899.552734375,27899.552734375,445943296
2023-10-08 14:00:00,27927.7734375,27965.267578125,27891.38671875,27952.12890625,27952.12890625,169782784
2023-10-08 15:00:00,27954.294921875,27961.107421875,27903.611328125,27915.759765625,27915.759765625,16143872
2023-10-08 16:00:00,27914.1640625,27946.173828125,27891.00390625,27931.373046875,27931.373046875,88802816
2023-10-08 17:00:00,27924.853515625,27949.970703125,27895.357421875,27895.814453125,27895.814453125,0
2023-10-08 18:00:00,27893.8671875,27893.986328125,27833.921875,27885.44921875,27885.44921875,3326464
2023-10-08 19:00:00,27889.916015625,27929.451171875,27889.916015625,27904.458984375,27904.458984375,0
2023-10-08 20:00:00,27904.76171875,27936.4140625,27891.404296875,27924.68359375,27924.68359375,0
2023-10-08 21:00:00,27924.525390625,27988.9296875,27917.01953125,27936.0234375,27936.0234375,41609216
2023-10-08 22:00:00,27936.0234375,27952.21484375,27833.41015625,27929.365234375,27929.365234375,254120448
2023-10-08 23:00:00,27932.515625,27956.021484375,27911.4375,27939.330078125,27939.330078125,70397440
2023-10-09 00:00:00,27934.47265625,27934.47265625,27823.826171875,27840.75,27840.75,124787712
2023-10-09 01:00:00,27835.267578125,27989.470703125,27816.443359375,27961.69921875,27961.69921875,116472320
2023-10-09 02:00:00,27963.845703125,27988.685546875,27937.609375,27951.498046875,27951.498046875,0
2023-10-09 03:00:00,27949.25390625,27966.796875,27929.77734375,27930.3046875,27930.3046875,0
2023-10-09 04:00:00,27930.3046875,27954.08984375,27930.3046875,27941.119140625,27941.119140625,0
2023-10-09 05:00:00,27940.546875,27941.052734375,27873.58203125,27873.58203125,27873.58203125,0
2023-10-09 06:00:00,27875.5546875,27924.064453125,27867.29296875,27914.63671875,27914.63671875,35135488
2023-10-09 07:00:00,27915.666015625,27915.701171875,27827.552734375,27832.326171875,27832.326171875,160648704
2023-10-09 08:00:00,27826.70703125,27845.521484375,27751.232421875,27754.939453125,27754.939453125,299953152
2023-10-09 09:00:00,27752.95703125,27792.6484375,27516.9609375,27546.099609375,27546.099609375,788224512
2023-10-09 10:00:00,27549.8046875,27603.203125,27481.17578125,27533.83203125,27533.83203125,496953344
2023-10-09 11:00:00,27533.9609375,27533.9609375,27451.5546875,27490.294921875,27490.294921875,409459712
2023-10-09 12:00:00,27473.84765625,27540.751953125,27421.37109375,27466.41796875,27466.41796875,460084224
2023-10-09 13:00:00,27441.791015625,27524.6953125,27403.763671875,27521.6640625,27521.6640625,0
2023-10-09 14:00:00,27517.962890625,27571.9609375,27473.6875,27506.08984375,27506.08984375,101661696
2023-10-09 15:00:00,27497.65234375,27542.580078125,27440.205078125,27457.5703125,27457.5703125,210275328
2023-10-09 16:00:00,27447.572265625,27545.17578125,27302.5625,27397.814453125,27397.814453125,972508160
2023-10-09 17:00:00,27403.787109375,27588.978515625,27355.375,27581.724609375,27581.724609375,381615104
2023-10-09 18:00:00,27592.865234375,27707.474609375,27577.015625,27577.015625,27577.015625,387335168
2023-10-09 19:00:00,27571.521484375,27644.12890625,27563.875,27614.65234375,27614.65234375,129223680
2023-10-09 20:00:00,27611.724609375,27647.1015625,27562.6796875,27577.55078125,27577.55078125,55788544
2023-10-09 21:00:00,27577.55078125,27640.619140625,27568.982421875,27628.759765625,27628.759765625,0
2023-10-09 22:00:00,27626.48046875,27640.98046875,27585.88671875,27595.423828125,27595.423828125,0
2023-10-09 23:00:00,27594.728515625,27616.865234375,27577.974609375,27584.49609375,27584.49609375,0
2023-10-10 00:00:00,27589.201171875,27635.033203125,27567.482421875,27567.482421875,27567.482421875,0
2023-10-10 01:00:00,27557.955078125,27613.130859375,27516.2578125,27609.451171875,27609.451171875,0
2023-10-10 02:00:00,27609.451171875,27695.3828125,27584.34375,27695.3828125,27695.3828125,43089920
2023-10-10 03:00:00,27686.42578125,27686.42578125,27633.9296875,27633.9296875,27633.9296875,47263744
2023-10-10 04:00:00,27633.31640625,27633.31640625,27599.259765625,27603.359375,27603.359375,44386304
2023-10-10 05:00:00,27606.49609375,27611.42578125,27582.919921875,27610.619140625,27610.619140625,0
2023-10-10 06:00:00,27610.630859375,27659.693359375,27610.630859375,27657.30078125,27657.30078125,36562944
2023-10-10 07:00:00,27658.150390625,27697.556640625,27652.705078125,27657.6875,27657.6875,0
2023-10-10 08:00:00,27653.591796875,27715.84765625,27648.83203125,27677.33984375,27677.33984375,0
2023-10-10 09:00:00,27676.548828125,27676.548828125,27646.83984375,27662.37890625,27662.37890625,0
2023-10-10 10:00:00,27663.708984375,27678.369140625,27620.2109375,27620.2109375,27620.2109375,0
2023-10-10 11:00:00,27616.103515625,27616.103515625,27514.552734375,27514.552734375,27514.552734375,0
2023-10-10 12:00:00,27518.986328125,27528.87890625,27414.94140625,27428.4765625,27428.4765625,0
2023-10-10 13:00:00,27427.970703125,27474.515625,27365.513671875,27393.869140625,27393.869140625,29137920
2023-10-10 14:00:00,27399.392578125,27605.81640625,27399.392578125,27442.666015625,27442.666015625,375075840
2023-10-10 15:00:00,27447.650390625,27476.419921875,27367.197265625,27413.20703125,27413.20703125,269911040
2023-10-10 16:00:00,27412.427734375,27501.373046875,27356.140625,27426.10546875,27426.10546875,0
2023-10-10 17:00:00,27419.5859375,27455.763671875,27352.248046875,27363.97265625,27363.97265625,0
2023-10-10 18:00:00,27363.97265625,27394.490234375,27301.654296875,27301.654296875,27301.654296875,0
2023-10-10 19:00:00,27354.044921875,27412.916015625,27331.998046875,27404.955078125,27404.955078125,99382272
2023-10-10 20:00:00,27401.0,27423.228515625,27333.814453125,27403.10546875,27403.10546875,100964352
2023-10-10 21:00:00,27403.134765625,27466.033203125,27389.564453125,27437.337890625,27437.337890625,53169152
2023-10-10 22:00:00,27432.271484375,27469.767578125,27432.271484375,27449.34375,27449.34375,0
2023-10-10 23:00:00,27448.962890625,27457.8125,27390.7890625,27391.701171875,27391.701171875,0
2023-10-11 00:00:00,27392.076171875,27469.51171875,27391.79296875,27468.017578125,27468.017578125,0
2023-10-11 01:00:00,27468.4296875,27474.115234375,27422.333984375,27435.05859375,27435.05859375,0
2023-10-11 02:00:00,27439.0078125,27439.0078125,27092.830078125,27124.25,27124.25,652890112
2023-10-11 03:00:00,27122.923828125,27148.197265625,27017.63671875,27025.380859375,27025.380859375,395072512
2023-10-11 04:00:00,27022.025390625,27128.97265625,27022.025390625,27128.97265625,27128.97265625,340754432
2023-10-11 05:00:00,27121.99609375,27138.330078125,27066.78515625,27113.50390625,27113.50390625,157562880
2023-10-11 06:00:00,27117.595703125,27120.171875,27068.10546875,27071.671875,27071.671875,150201344
2023-10-11 07:00:00,27076.798828125,27094.025390625,27028.048828125,27028.048828125,27028.048828125,79506432
2023-10-11 08:00:00,27025.4375,27111.30859375,27022.837890625,27102.12109375,27102.12109375,91897856
2023-10-11 09:00:00,27105.43359375,27284.89453125,27095.16015625,27259.5546875,27259.5546875,320579584
2023-10-11 10:00:00,27265.755859375,27323.076171875,27231.876953125,27282.0234375,27282.0234375,166051840
2023-10-11 11:00:00,27281.55859375,27297.455078125,27187.955078125,27192.349609375,27192.349609375,0
2023-10-11 12:00:00,27196.958984375,27258.455078125,27062.796875,27171.68359375,27171.68359375,103250944
2023-10-11 13:00:00,27172.865234375,27185.61328125,27086.4765625,27143.173828125,27143.173828125,0
2023-10-11 14:00:00,27142.9609375,27161.822265625,27054.142578125,27084.576171875,27084.576171875,0
2023-10-11 15:00:00,27087.8984375,27096.177734375,26774.455078125,26793.392578125,26793.392578125,647056384
2023-10-11 16:00:00,26781.83203125,26781.83203125,26648.220703125,26692.33203125,26692.33203125,487211008
2023-10-11 17:00:00,26678.208984375,26699.42578125,26561.099609375,26626.88671875,26626.88671875,356674560
2023-10-11 18:00:00,26626.919921875,26691.12890625,26586.822265625,26691.12890625,26691.12890625,116858880
2023-10-11 19:00:00,26682.24609375,26781.166015625,26677.544921875,26758.365234375,26758.365234375,148411392
2023-10-11 20:00:00,26755.3359375,26767.287109375,26685.494140625,26712.541015625,26712.541015625,0
2023-10-11 21:00:00,26717.86328125,26754.48828125,26680.4609375,26721.966796875,26721.966796875,0
2023-10-11 22:00:00,26720.14453125,26786.9453125,26714.66796875,26775.388671875,26775.388671875,106910720
2023-10-11 23:00:00,26777.125,26872.400390625,26755.02734375,26872.400390625,26872.400390625,126069760
2023-10-12 00:00:00,26873.29296875,26879.015625,26795.814453125,26805.869140625,26805.869140625,48355328
2023-10-12 01:00:00,26799.1171875,26799.1171875,26733.58203125,26770.783203125,26770.783203125,115707904
2023-10-12 02:00:00,26770.7265625,26921.439453125,26751.853515625,26903.91796875,26903.91796875,0
2023-10-12 03:00:00,26900.341796875,26908.048828125,26823.412109375,26840.560546875,26840.560546875,0
2023-10-12 04:00:00,26842.224609375,26842.224609375,26819.4140625,26821.041015625,26821.041015625,0
2023-10-12 05:00:00,26816.09375,26861.5859375,26781.93359375,26861.5859375,26861.5859375,0
2023-10-12 06:00:00,26863.615234375,26906.12890625,26839.05078125,26871.814453125,26871.814453125,0
2023-10-12 07:00:00,26866.701171875,26872.921875,26799.927734375,26805.958984375,26805.958984375,0
2023-10-12 08:00:00,26805.5703125,26815.07421875,26776.228515625,26795.27734375,26795.27734375,0
2023-10-12 09:00:00,26794.939453125,26814.0859375,26679.201171875,26709.755859375,26709.755859375,0
2023-10-12 10:00:00,26742.017578125,26776.005859375,26733.869140625,26755.41015625,26755.41015625,0
2023-10-12 11:00:00,26755.09375,26849.318359375,26723.70703125,26832.83984375,26832.83984375,4232192
2023-10-12 12:00:00,26832.701171875,26850.97265625,26768.43359375,26818.4453125,26818.4453125,0
2023-10-12 13:00:00,26825.78125,26854.744140625,26684.94921875,26741.3203125,26741.3203125,0
2023-10-12 14:00:00,26748.0625,26767.798828125,26661.39453125,26684.8671875,26684.8671875,0
2023-10-12 15:00:00,26690.513671875,26718.88671875,26623.6640625,26667.474609375,26667.474609375,0
2023-10-12 16:00:00,26661.44921875,26771.5,26601.3671875,26680.00390625,26680.00390625,0
2023-10-12 17:00:00,26665.634765625,26677.626953125,26558.3203125,26633.58984375,26633.58984375,0
2023-10-12 18:00:00,26630.552734375,26715.13671875,26594.056640625,26647.423828125,26647.423828125,0
2023-10-12 19:00:00,26648.5546875,26727.96484375,26632.30859375,26712.607421875,26712.607421875,0
2023-10-12 20:00:00,26710.88671875,26743.181640625,26704.5625,26731.13671875,26731.13671875,0
2023-10-12 21:00:00,26736.3828125,26752.474609375,26707.744140625,26747.939453125,26747.939453125,0
2023-10-12 22:00:00,26747.5,26757.947265625,26727.087890625,26745.00390625,26745.00390625,0
2023-10-12 23:00:00,26746.451171875,26759.13671875,26709.548828125,26755.19921875,26755.19921875,0
2023-10-13 00:00:00,26752.87890625,26845.0625,26748.310546875,26815.451171875,26815.451171875,246480896
2023-10-13 01:00:00,26820.845703125,26863.267578125,26796.80078125,26807.765625,26807.765625,0
2023-10-13 02:00:00,26793.447265625,26797.20703125,26780.427734375,26796.68359375,26796.68359375,0
2023-10-13 03:00:00,26798.310546875,26820.9921875,26767.8984375,26772.0625,26772.0625,0
2023-10-13 04:00:00,26773.0625,26795.357421875,26769.8984375,26792.18359375,26792.18359375,0
2023-10-13 05:00:00,26793.990234375,26815.529296875,26778.369140625,26811.330078125,26811.330078125,14748672
2023-10-13 06:00:00,26811.2265625,26843.65234375,26796.919921875,26807.115234375,26807.115234375,0
2023-10-13 07:00:00,26802.63671875,26919.037109375,26802.63671875,26857.998046875,26857.998046875,104431616
2023-10-13 08:00:00,26863.947265625,26890.732421875,26794.50390625,26795.451171875,26795.451171875,120048640
2023-10-13 09:00:00,26794.255859375,26814.87890625,26739.234375,26743.990234375,26743.990234375,0
2023-10-13 10:00:00,26732.99609375,26773.494140625,26732.99609375,26765.119140625,26765.119140625,7803904
2023-10-13 11:00:00,26767.607421875,26842.126953125,26767.607421875,26808.453125,26808.453125,0
2023-10-13 12:00:00,26809.751953125,26929.48046875,26762.947265625,26926.935546875,26926.935546875,89372672
2023-10-13 13:00:00,26928.857421875,26929.564453125,26830.447265625,26859.705078125,26859.705078125,4954043392
2023-10-13 14:00:00,26857.2890625,26857.2890625,26738.515625,26738.515625,26738.515625,0
2023-10-13 15:00:00,26748.16796875,26765.73828125,26687.091796875,26699.0703125,26699.0703125,0
2023-10-13 16:00:00,26702.3984375,26794.451171875,26696.46875,26790.236328125,26790.236328125,0
2023-10-13 17:00:00,26786.041015625,26786.66796875,26686.322265625,26759.6640625,26759.6640625,51035136
2023-10-13 18:00:00,26763.263671875,26776.763671875,26725.306640625,26740.1953125,26740.1953125,0
2023-10-13 19:00:00,26742.08203125,26773.10546875,26723.169921875,26773.10546875,26773.10546875,0
2023-10-13 20:00:00,26774.728515625,26969.625,26746.876953125,26955.51171875,26955.51171875,377466880
2023-10-13 21:00:00,26974.697265625,27092.697265625,26860.251953125,27026.546875,27026.546875,864712704
2023-10-13 22:00:00,27028.74609375,27069.87890625,26787.845703125,26827.484375,26827.484375,299949056
2023-10-13 23:00:00,26832.11328125,26860.7109375,26782.96875,26860.7109375,26860.7109375,88657920
2023-10-14 00:00:00,26866.203125,26895.9140625,26855.115234375,26895.517578125,26895.517578125,0
2023-10-14 01:00:00,26893.4140625,26921.189453125,26848.6640625,26915.705078125,26915.705078125,0
2023-10-14 02:00:00,26918.3828125,26930.38671875,26896.60546875,26910.873046875,26910.873046875,1186816
2023-10-14 03:00:00,26912.134765625,26969.0,26912.134765625,26934.453125,26934.453125,0
2023-10-14 04:00:00,26934.509765625,26935.51953125,26910.271484375,26910.271484375,26910.271484375,0
2023-10-14 05:00:00,26910.271484375,26940.572265625,26893.767578125,26897.576171875,26897.576171875,174536704
2023-10-14 06:00:00,26896.03515625,26898.97265625,26857.125,26866.55859375,26866.55859375,89413632
2023-10-14 07:00:00,26865.40234375,26872.2421875,26847.970703125,26865.123046875,26865.123046875,0
2023-10-14 08:00:00,26866.58984375,26882.763671875,26849.7578125,26865.03515625,26865.03515625,0
2023-10-14 09:00:00,26865.86328125,26884.3046875,26865.86328125,26877.265625,26877.265625,0
2023-10-14 10:00:00,26877.265625,26897.208984375,26870.923828125,26881.751953125,26881.751953125,0
2023-10-14 11:00:00,26878.75,26879.982421875,26851.73828125,26872.263671875,26872.263671875,0
2023-10-14 12:00:00,26873.126953125,26893.615234375,26853.869140625,26893.615234375,26893.615234375,0
2023-10-14 13:00:00,26893.615234375,26911.58984375,26882.630859375,26903.91015625,26903.91015625,0
2023-10-14 14:00:00,26905.365234375,26910.54296875,26875.53515625,26885.64453125,26885.64453125,0
2023-10-14 15:00:00,26886.794921875,26939.66015625,26886.794921875,26939.66015625,26939.66015625,0
2023-10-14 16:00:00,26942.28515625,26949.703125,26907.328125,26930.041015625,26930.041015625,0
2023-10-14 17:00:00,26930.142578125,26931.802734375,26891.3046875,26897.482421875,26897.482421875,0
2023-10-14 18:00:00,26897.052734375,26897.052734375,26870.7265625,26874.609375,26874.609375,0
2023-10-14 19:00:00,26875.078125,26878.345703125,26859.91796875,26868.453125,26868.453125,81804288
2023-10-14 20:00:00,26867.78125,26869.32421875,26836.9296875,26847.248046875,26847.248046875,0
2023-10-14 21:00:00,26847.65625,26883.2265625,26814.5859375,26824.455078125,26824.455078125,0
2023-10-14 22:00:00,26824.484375,26858.572265625,26821.068359375,26853.25,26853.25,0
2023-10-14 23:00:00,26853.634765625,26873.10546875,26853.634765625,26862.10546875,26862.10546875,0
2023-10-15 00:00:00,26858.01171875,26859.375,26823.02734375,26848.251953125,26848.251953125,0
2023-10-15 01:00:00,26851.37109375,26906.732421875,26848.43359375,26895.2265625,26895.2265625,15250944
2023-10-15 02:00:00,26893.310546875,26902.39453125,26877.373046875,26884.255859375,26884.255859375,0
2023-10-15 03:00:00,26885.875,26905.14453125,26881.83984375,26882.45703125,26882.45703125,0
2023-10-15 04:00:00,26883.76171875,26891.119140625,26873.134765625,26882.845703125,26882.845703125,0
2023-10-15 05:00:00,26883.470703125,26886.59375,26875.28515625,26883.8359375,26883.8359375,0
2023-10-15 06:00:00,26884.822265625,26885.572265625,26873.712890625,26881.35546875,26881.35546875,0
2023-10-15 07:00:00,26876.423828125,26882.744140625,26874.072265625,26882.744140625,26882.744140625,0
2023-10-15 08:00:00,26886.119140625,26911.982421875,26886.119140625,26909.11328125,26909.11328125,1492480
2023-10-15 09:00:00,26911.1875,26920.92578125,26899.681640625,26902.6171875,26902.6171875,6408704
2023-10-15 10:00:00,26903.185546875,26904.494140625,26897.919921875,26902.4375,26902.4375,0
2023-10-15 11:00:00,26900.36328125,26900.36328125,26856.939453125,26861.296875,26861.296875,27166720
2023-10-15 12:00:00,26857.994140625,26866.228515625,26832.322265625,26843.787109375,26843.787109375,0
2023-10-15 13:00:00,26841.166015625,26941.712890625,26817.89453125,26863.232421875,26863.232421875,349322752
2023-10-15 14:00:00,26862.0390625,26918.6953125,26861.13671875,26886.6640625,26886.6640625,39434752
2023-10-15 15:00:00,26877.318359375,26910.970703125,26861.294921875,26901.53125,26901.53125,0
2023-10-15 16:00:00,26902.775390625,26928.255859375,26895.138671875,26928.255859375,26928.255859375,0
2023-10-15 17:00:00,26929.52734375,26994.5546875,26923.92578125,26982.640625,26982.640625,200826368
2023-10-15 18:00:00,26980.7109375,27060.001953125,26967.341796875,27058.529296875,27058.529296875,113370624
2023-10-15 19:00:00,27058.287109375,27077.7734375,26998.72265625,27033.1640625,27033.1640625,108997120
2023-10-15 20:00:00,27045.451171875,27206.109375,27021.7109375,27199.3125,27199.3125,473920000
2023-10-15 21:00:00,27204.705078125,27218.68359375,27099.29296875,27187.173828125,27187.173828125,275994112
2023-10-15 22:00:00,27187.5546875,27289.169921875,27104.2734375,27120.228515625,27120.228515625,495820288
2023-10-15 23:00:00,27113.849609375,27155.95703125,27055.0546875,27155.95703125,27155.95703125,307088896
2023-10-16 00:00:00,27162.62890625,27198.46875,27130.47265625,27138.8359375,27138.8359375,203148288
2023-10-16 01:00:00,27144.625,27277.583984375,27144.625,27199.912109375,27199.912109375,344408064
2023-10-16 02:00:00,27202.5,27280.076171875,27183.5703125,27189.40234375,27189.40234375,156604928
2023-10-16 03:00:00,27190.71875,27245.880859375,27169.046875,27245.880859375,27245.880859375,162904064
2023-10-16 04:00:00,27243.720703125,27275.705078125,27206.171875,27257.87109375,27257.87109375,111718400
2023-10-16 05:00:00,27258.12109375,27949.78125,27258.12109375,27898.732421875,27898.732421875,2597537280
2023-10-16 06:00:00,27912.041015625,27968.931640625,27803.46875,27829.208984375,27829.208984375,911059968
2023-10-16 07:00:00,27819.248046875,27924.80078125,27818.041015625,27855.0078125,27855.0078125,626902016
2023-10-16 08:00:00,27854.1796875,27909.9296875,27826.91015625,27826.91015625,27826.91015625,470111232
2023-10-16 09:00:00,27827.279296875,27827.279296875,27662.09765625,27776.3671875,27776.3671875,535934976
2023-10-16 10:00:00,27775.17578125,27794.126953125,27717.83984375,27787.013671875,27787.013671875,328232960
2023-10-16 11:00:00,27781.287109375,27782.439453125,27701.515625,27758.072265625,27758.072265625,179371008
2023-10-16 12:00:00,27758.359375,27875.154296875,27722.435546875,27875.154296875,27875.154296875,446455808
2023-10-16 13:00:00,27880.6484375,29448.138671875,27855.212890625,28050.37109375,28050.37109375,7515579392
2023-10-16 14:00:00,28002.537109375,28372.28125,27907.78125,28197.03515625,28197.03515625,2744336384
2023-10-16 15:00:00,28200.845703125,28222.17578125,28050.21875,28065.455078125,28065.455078125,637894656
2023-10-16 16:00:00,28067.40234375,28181.396484375,28067.40234375,28097.859375,28097.859375,585005056
2023-10-16 17:00:00,28096.552734375,28241.587890625,28096.552734375,28238.931640625,28238.931640625,314091520
2023-10-16 18:00:00,28244.125,28574.26171875,28244.125,28574.26171875,28574.26171875,932634624
2023-10-16 19:00:00,28580.38671875,28811.5390625,28423.408203125,28453.677734375,28453.677734375,1008730112
2023-10-16 20:00:00,28470.658203125,28620.533203125,28359.9140625,28362.28515625,28362.28515625,50964480
2023-10-16 21:00:00,28403.0390625,28455.951171875,28266.072265625,28419.58203125,28419.58203125,73437184
2023-10-16 22:00:00,28425.5234375,28565.037109375,28405.251953125,28521.337890625,28521.337890625,0
2023-10-16 23:00:00,28523.251953125,28556.818359375,28461.119140625,28519.923828125,28519.923828125,0
2023-10-17 00:00:00,28522.09765625,28559.431640625,28261.833984375,28287.40234375,28287.40234375,315600896
2023-10-17 01:00:00,28289.6328125,28412.669921875,28289.6328125,28364.8984375,28364.8984375,0
2023-10-17 02:00:00,28366.89453125,28398.287109375,28313.619140625,28386.9140625,28386.9140625,790519808
2023-10-17 03:00:00,28387.728515625,28388.29296875,28271.37890625,28278.626953125,28278.626953125,12201984
2023-10-17 04:00:00,28278.794921875,28278.794921875,28110.185546875,28205.36328125,28205.36328125,386541568
2023-10-17 05:00:00,28201.201171875,28236.24609375,28173.791015625,28236.24609375,28236.24609375,0
2023-10-17 06:00:00,28233.33203125,28235.10546875,28138.224609375,28230.525390625,28230.525390625,0
2023-10-17 07:00:00,28239.34375,28472.1484375,28228.28515625,28431.74609375,28431.74609375,69562368
2023-10-17 08:00:00,28439.1015625,28521.720703125,28374.333984375,28465.19140625,28465.19140625,289961984
2023-10-17 09:00:00,28460.64453125,28463.21484375,28391.83203125,28459.33984375,28459.33984375,0
2023-10-17 10:00:00,28458.59375,28607.794921875,28432.291015625,28504.419921875,28504.419921875,180361216
2023-10-17 11:00:00,28515.068359375,28534.580078125,28435.912109375,28435.912109375,28435.912109375,0
2023-10-17 12:00:00,28437.48828125,28467.34765625,28248.77734375,28264.068359375,28264.068359375,46614528
2023-10-17 13:00:00,28232.333984375,28390.53125,28172.90625,28343.345703125,28343.345703125,0
2023-10-17 14:00:00,28317.22265625,28495.673828125,28317.22265625,28495.673828125,28495.673828125,0
2023-10-17 15:00:00,28485.376953125,28579.421875,28464.396484375,28481.44921875,28481.44921875,0
2023-10-17 16:00:00,28479.650390625,28604.31640625,28450.57421875,28604.31640625,28604.31640625,0
2023-10-17 17:00:00,28608.693359375,28618.751953125,28391.51953125,28450.314453125,28450.314453125,8945664
2023-10-17 18:00:00,28444.916015625,28496.783203125,28363.892578125,28363.892578125,28363.892578125,0
2023-10-17 19:00:00,28368.244140625,28519.19140625,28368.244140625,28497.564453125,28497.564453125,0
2023-10-17 20:00:00,28497.564453125,28541.203125,28465.275390625,28467.626953125,28467.626953125,0
2023-10-17 21:00:00,28461.20703125,28562.94140625,28421.888671875,28495.5078125,28495.5078125,0
2023-10-17 22:00:00,28495.5078125,28495.5078125,28396.576171875,28425.166015625,28425.166015625,160387072
2023-10-17 23:00:00,28425.166015625,28456.87109375,28407.80078125,28418.55078125,28418.55078125,0
2023-10-18 00:00:00,28413.53125,28440.64453125,28342.521484375,28380.6171875,28380.6171875,0
2023-10-18 01:00:00,28380.8671875,28421.6640625,28345.068359375,28369.884765625,28369.884765625,0
2023-10-18 02:00:00,28368.703125,28504.69140625,28368.703125,28475.748046875,28475.748046875,0
2023-10-18 03:00:00,28481.001953125,28525.01171875,28459.97265625,28524.9609375,28524.9609375,0
2023-10-18 04:00:00,28525.548828125,28889.009765625,28467.333984375,28727.962890625,28727.962890625,0
2023-10-18 05:00:00,28735.2890625,28852.35546875,28671.37890625,28687.314453125,28687.314453125,1266196480
2023-10-18 06:00:00,28701.326171875,28742.97265625,28653.462890625,28693.435546875,28693.435546875,66314240
2023-10-18 07:00:00,28689.28125,28689.28125,28506.37890625,28506.37890625,28506.37890625,0
2023-10-18 08:00:00,28506.75,28567.12109375,28491.044921875,28567.12109375,28567.12109375,0
2023-10-18 09:00:00,28571.978515625,28607.3984375,28448.533203125,28448.533203125,28448.533203125,0
2023-10-18 10:00:00,28278.796875,28424.283203125,28278.796875,28387.361328125,28387.361328125,211846144
2023-10-18 11:00:00,28390.015625,28409.69921875,28357.39453125,28360.927734375,28360.927734375,0
2023-10-18 12:00:00,28364.275390625,28413.8359375,28310.99609375,28325.96484375,28325.96484375,0
2023-10-18 13:00:00,28347.982421875,28386.619140625,28299.193359375,28355.4921875,28355.4921875,0
2023-10-18 14:00:00,28354.17578125,28371.04296875,28174.251953125,28222.609375,28222.609375,0
2023-10-18 15:00:00,28205.05859375,28290.0546875,28199.4921875,28266.0234375,28266.0234375,0
2023-10-18 16:00:00,28264.7265625,28402.6796875,28245.884765625,28359.755859375,28359.755859375,71284736
2023-10-18 17:00:00,28380.490234375,28424.80859375,28352.98046875,28352.98046875,28352.98046875,0
2023-10-18 18:00:00,28344.869140625,28375.318359375,28307.79296875,28308.89453125,28308.89453125,0
2023-10-18 19:00:00,28311.021484375,28329.650390625,28264.578125,28291.75,28291.75,0
2023-10-18 20:00:00,28259.904296875,28308.169921875,28216.68359375,28258.36328125,28258.36328125,0
2023-10-18 21:00:00,28255.2265625,28292.2421875,28231.078125,28283.607421875,28283.607421875,0
2023-10-18 22:00:00,28283.041015625,28347.197265625,28266.22265625,28346.451171875,28346.451171875,203732992
2023-10-18 23:00:00,28352.0546875,28371.203125,28319.1171875,28329.396484375,28329.396484375,52912128
2023-10-19 00:00:00,28332.416015625,28399.84375,28308.337890625,28399.84375,28399.84375,2748416
2023-10-19 01:00:00,28397.34765625,28420.30078125,28177.98828125,28241.404296875,28241.404296875,339301376
2023-10-19 02:00:00,28243.947265625,28263.6015625,28187.2265625,28212.751953125,28212.751953125,90041344
2023-10-19 03:00:00,28215.078125,28266.294921875,28206.89453125,28247.5625,28247.5625,0
2023-10-19 04:00:00,28258.052734375,28293.361328125,28245.5234375,28283.9296875,28283.9296875,0
2023-10-19 05:00:00,28291.615234375,28346.630859375,28288.05859375,28316.748046875,28316.748046875,0
2023-10-19 06:00:00,28318.017578125,28330.61328125,28289.97265625,28289.97265625,28289.97265625,0
2023-10-19 07:00:00,28294.2890625,28339.291015625,28261.15625,28339.291015625,28339.291015625,0
2023-10-19 08:00:00,28338.056640625,28372.681640625,28326.205078125,28337.177734375,28337.177734375,0
2023-10-19 09:00:00,28336.4609375,28416.484375,28303.423828125,28415.060546875,28415.060546875,129590272
2023-10-19 10:00:00,28412.765625,28513.59765625,28411.091796875,28490.431640625,28490.431640625,0
2023-10-19 11:00:00,28487.466796875,28492.064453125,28419.314453125,28449.353515625,28449.353515625,60733440
2023-10-19 12:00:00,28454.849609375,28566.75,28449.9609375,28496.15625,28496.15625,603924480
2023-10-19 13:00:00,28500.951171875,28567.529296875,28459.234375,28488.619140625,28488.619140625,108916736
2023-10-19 14:00:00,28492.435546875,28693.732421875,28461.93359375,28693.732421875,28693.732421875,89652224
2023-10-19 15:00:00,28702.982421875,28798.2265625,28600.572265625,28695.740234375,28695.740234375,846932992
2023-10-19 16:00:00,28693.302734375,28892.474609375,28635.103515625,28648.3984375,28648.3984375,816092160
2023-10-19 17:00:00,28641.34375,28702.193359375,28493.609375,28560.7890625,28560.7890625,110558208
2023-10-19 18:00:00,28562.99609375,28703.298828125,28549.5078125,28668.6171875,28668.6171875,199837696
2023-10-19 19:00:00,28662.634765625,28767.392578125,28662.634765625,28738.515625,28738.515625,137166848
2023-10-19 20:00:00,28774.140625,28847.578125,28721.373046875,28721.373046875,28721.373046875,299908096
2023-10-19 21:00:00,28726.306640625,28740.283203125,28636.986328125,28640.884765625,28640.884765625,241257472
2023-10-19 22:00:00,28625.431640625,28712.3515625,28625.431640625,28677.236328125,28677.236328125,84086784
2023-10-19 23:00:00,28673.962890625,28718.220703125,28657.626953125,28718.220703125,28718.220703125,8903680
2023-10-20 00:00:00,28732.8125,28780.01171875,28659.640625,28662.4921875,28662.4921875,32054272
2023-10-20 01:00:00,28660.55859375,28665.970703125,28601.669921875,28660.412109375,28660.412109375,0
2023-10-20 02:00:00,28669.58203125,29066.43359375,28663.732421875,29008.10546875,29008.10546875,652231680
2023-10-20 03:00:00,28999.75,29372.421875,28943.271484375,29265.11328125,29265.11328125,1243138048
2023-10-20 04:00:00,29256.33203125,29340.470703125,29190.591796875,29332.75390625,29332.75390625,556913664
2023-10-20 05:00:00,29332.404296875,29339.56640625,29156.873046875,29229.859375,29229.859375,580660224
2023-10-20 06:00:00,29231.81640625,29296.25,29203.130859375,29296.25,29296.25,236466176
2023-10-20 07:00:00,29300.484375,29370.80078125,29247.095703125,29250.22265625,29250.22265625,510031872
2023-10-20 08:00:00,29257.90625,29847.283203125,29257.90625,29770.58203125,29770.58203125,1580283904
2023-10-20 09:00:00,29752.42578125,29836.791015625,29707.39453125,29817.408203125,29817.408203125,564797440
2023-10-20 10:00:00,29818.802734375,30104.0859375,29797.921875,29887.57421875,29887.57421875,1368477696
2023-10-20 11:00:00,29880.341796875,30038.759765625,29826.8125,29870.07421875,29870.07421875,792629248
2023-10-20 12:00:00,29862.935546875,29927.314453125,29430.068359375,29534.53125,29534.53125,942245888
2023-10-20 13:00:00,29539.6796875,29676.072265625,29504.484375,29668.107421875,29668.107421875,389433344
2023-10-20 14:00:00,29672.96875,29730.29296875,29474.380859375,29590.03125,29590.03125,0
2023-10-20 15:00:00,29592.23046875,29604.05078125,29503.771484375,29559.9765625,29559.9765625,0
2023-10-20 16:00:00,29555.404296875,29591.8125,29465.6796875,29498.07421875,29498.07421875,0
2023-10-20 17:00:00,29500.35546875,29526.66015625,29376.123046875,29523.345703125,29523.345703125,0
2023-10-20 18:00:00,29527.525390625,29551.5,29487.681640625,29500.126953125,29500.126953125,0
2023-10-20 19:00:00,29498.04296875,29563.884765625,29421.212890625,29563.884765625,29563.884765625,495280128
2023-10-20 20:00:00,29575.30859375,29651.412109375,29546.734375,29593.8828125,29593.8828125,0
2023-10-20 21:00:00,29592.794921875,29656.18359375,29592.794921875,29626.35546875,29626.35546875,0
2023-10-20 22:00:00,29628.28125,29665.77734375,29620.693359375,29665.77734375,29665.77734375,0
2023-10-20 23:00:00,29667.501953125,29774.947265625,29667.501953125,29677.830078125,29677.830078125,196868096
2023-10-21 00:00:00,29683.380859375,29701.640625,29611.8515625,29638.052734375,29638.052734375,12130304
2023-10-21 01:00:00,29639.755859375,29648.83984375,29543.0390625,29546.37890625,29546.37890625,0
2023-10-21 02:00:00,29544.072265625,29550.044921875,29484.814453125,29496.775390625,29496.775390625,0
2023-10-21 03:00:00,29497.373046875,29630.771484375,29481.751953125,29614.955078125,29614.955078125,0
2023-10-21 04:00:00,29614.2421875,29635.978515625,29572.265625,29574.099609375,29574.099609375,0
2023-10-21 05:00:00,29568.044921875,29592.28515625,29558.888671875,29573.318359375,29573.318359375,0
2023-10-21 06:00:00,29586.7890625,29728.18359375,29586.7890625,29716.82421875,29716.82421875,0
2023-10-21 07:00:00,29715.328125,29729.7421875,29673.15234375,29708.615234375,29708.615234375,0
2023-10-21 08:00:00,29707.51953125,29725.091796875,29672.912109375,29678.310546875,29678.310546875,0
2023-10-21 09:00:00,29671.927734375,29851.572265625,29658.94921875,29829.322265625,29829.322265625,0
2023-10-21 10:00:00,29847.853515625,29867.4375,29770.900390625,29787.5546875,29787.5546875,0
2023-10-21 11:00:00,29783.3515625,29850.392578125,29773.353515625,29807.171875,29807.171875,0
2023-10-21 12:00:00,29822.8203125,29832.81640625,29766.076171875,29782.75,29782.75,0
2023-10-21 13:00:00,29781.3046875,29800.193359375,29719.576171875,29788.912109375,29788.912109375,0
2023-10-21 14:00:00,29784.833984375,29898.744140625,29771.916015625,29898.10546875,29898.10546875,0
2023-10-21 15:00:00,29894.87890625,29975.607421875,29802.466796875,29944.771484375,29944.771484375,0
2023-10-21 16:00:00,29953.4921875,29958.197265625,29865.205078125,29865.205078125,29865.205078125,0
2023-10-21 17:00:00,29875.8046875,30154.53125,29868.87109375,30147.16015625,30147.16015625,204553216
2023-10-21 18:00:00,30152.322265625,30287.482421875,29996.15625,30213.599609375,30213.599609375,959619072
2023-10-21 19:00:00,30215.724609375,30251.21484375,30055.755859375,30172.96484375,30172.96484375,182732800
2023-10-21 20:00:00,30171.908203125,30171.908203125,29974.46484375,30023.31640625,30023.31640625,0
2023-10-21 21:00:00,30025.2421875,30066.193359375,29995.701171875,30018.521484375,30018.521484375,0
2023-10-21 22:00:00,30009.810546875,30037.48828125,29962.728515625,30014.08984375,30014.08984375,0
2023-10-21 23:00:00,30013.244140625,30013.244140625,29870.732421875,29916.626953125,29916.626953125,0
2023-10-22 00:00:00,29918.654296875,30005.923828125,29900.7734375,29985.2890625,29985.2890625,44097536
2023-10-22 01:00:00,29983.208984375,30066.701171875,29882.451171875,29940.427734375,29940.427734375,168838144
2023-10-22 02:00:00,29943.986328125,29943.986328125,29864.921875,29880.314453125,29880.314453125,0
2023-10-22 03:00:00,29876.11328125,29926.84375,29860.271484375,29926.166015625,29926.166015625,0
2023-10-22 04:00:00,29922.416015625,30007.1875,29916.484375,29967.337890625,29967.337890625,89411584
2023-10-22 05:00:00,29970.744140625,30193.3203125,29970.744140625,30136.76953125,30136.76953125,764702720
2023-10-22 06:00:00,30133.9921875,30199.43359375,30088.578125,30089.4296875,30089.4296875,242889728
2023-10-22 07:00:00,30091.724609375,30091.724609375,29720.3125,29834.728515625,29834.728515625,581035008
2023-10-22 08:00:00,29834.6953125,29889.103515625,29799.68359375,29854.376953125,29854.376953125,197399552
2023-10-22 09:00:00,29850.693359375,29998.591796875,29842.65234375,29908.298828125,29908.298828125,0
2023-10-22 10:00:00,29903.013671875,29959.232421875,29891.892578125,29915.73046875,29915.73046875,0
2023-10-22 11:00:00,29913.53515625,29941.087890625,29855.328125,29913.46875,29913.46875,0
2023-10-22 12:00:00,29921.744140625,29963.625,29903.3359375,29911.57421875,29911.57421875,0
2023-10-22 13:00:00,29911.7265625,29976.798828125,29906.357421875,29963.513671875,29963.513671875,140340224
2023-10-22 14:00:00,29959.50390625,29962.388671875,29828.59765625,29880.830078125,29880.830078125,0
2023-10-22 15:00:00,29884.66796875,29884.66796875,29808.958984375,29841.0546875,29841.0546875,0
2023-10-22 16:00:00,29843.642578125,29897.466796875,29825.115234375,29876.82421875,29876.82421875,0
2023-10-22 17:00:00,29880.220703125,29944.16015625,29880.220703125,29928.337890625,29928.337890625,0
2023-10-22 18:00:00,29928.6796875,29940.021484375,29906.240234375,29906.240234375,29906.240234375,0
2023-10-22 19:00:00,29900.919921875,29935.390625,29842.18359375,29847.10546875,29847.10546875,0
2023-10-22 20:00:00,29860.783203125,29887.845703125,29852.150390625,29854.697265625,29854.697265625,0
2023-10-22 21:00:00,29864.078125,29864.078125,29759.806640625,29783.3984375,29783.3984375,0
2023-10-22 22:00:00,29773.673828125,30033.794921875,29734.447265625,30033.794921875,30033.794921875,399808512
2023-10-22 23:00:00,30049.9375,30049.9375,29939.384765625,29986.640625,29986.640625,146668544
2023-10-23 00:00:00,30002.443359375,30152.375,29903.447265625,30139.10546875,30139.10546875,228246528
2023-10-23 01:00:00,30140.685546875,30544.611328125,30097.828125,30317.107421875,30317.107421875,1393393664
2023-10-23 02:00:00,30338.916015625,30397.40234375,30203.34765625,30389.796875,30389.796875,447685632
2023-10-23 03:00:00,30384.701171875,30747.73828125,30303.296875,30734.943359375,30734.943359375,937211904
2023-10-23 04:00:00,30728.923828125,30792.0546875,30579.021484375,30697.75,30697.75,863572992
2023-10-23 05:00:00,30667.15234375,30929.333984375,30610.21484375,30812.80859375,30812.80859375,533804032
2023-10-23 06:00:00,30808.86328125,30951.275390625,30705.150390625,30705.150390625,30705.150390625,84385792
2023-10-23 07:00:00,30685.720703125,30758.529296875,30469.0390625,30520.08984375,30520.08984375,1047669760
2023-10-23 08:00:00,30523.482421875,30691.494140625,30490.375,30691.494140625,30691.494140625,378190848
2023-10-23 09:00:00,30698.6875,30698.6875,30379.208984375,30478.98828125,30478.98828125,668558336
2023-10-23 10:00:00,30487.134765625,30574.833984375,30487.134765625,30568.712890625,30568.712890625,291208192
2023-10-23 11:00:00,30569.0234375,30775.025390625,30563.046875,30661.9765625,30661.9765625,369154048
2023-10-23 12:00:00,30679.703125,30753.9453125,30608.125,30652.400390625,30652.400390625,337453056
2023-10-23 13:00:00,30665.115234375,30709.173828125,30433.322265625,30620.48828125,30620.48828125,655038464
2023-10-23 14:00:00,30620.41796875,30834.3046875,30609.20703125,30803.28125,30803.28125,486569984
2023-10-23 15:00:00,30778.587890625,30972.255859375,30778.404296875,30904.896484375,30904.896484375,757741568
2023-10-23 16:00:00,30899.392578125,31287.50390625,30835.806640625,31270.189453125,31270.189453125,1645101056
2023-10-23 17:00:00,31232.8203125,31314.57421875,30915.67578125,31030.720703125,31030.720703125,1329920000
2023-10-23 18:00:00,30999.099609375,31175.283203125,30825.96875,31135.064453125,31135.064453125,1586114560
2023-10-23 19:00:00,31182.548828125,31412.26171875,31114.962890625,31412.26171875,31412.26171875,1234878464
2023-10-23 20:00:00,31380.259765625,31803.107421875,31341.501953125,31566.4296875,31566.4296875,1665062912
2023-10-23 21:00:00,31534.42578125,31660.734375,31446.8828125,31637.638671875,31637.638671875,611311616
2023-10-23 22:00:00,31640.052734375,34370.4375,31619.826171875,33207.29296875,33207.29296875,6553452544
2023-10-23 23:00:00,33321.7421875,33490.59375,32675.92578125,33053.35546875,33053.35546875,3776942080
2023-10-24 00:00:00,33077.3046875,33723.140625,32880.76171875,33646.484375,33646.484375,2069598208
2023-10-24 01:00:00,33547.10546875,34147.53125,33513.89453125,34147.53125,34147.53125,435593216
2023-10-24 02:00:00,34166.65234375,35150.43359375,34160.18359375,34616.37890625,34616.37890625,3771297792
2023-10-24 03:00:00,34588.7734375,34682.06640625,34156.73828125,34156.73828125,34156.73828125,1075593216
2023-10-24 04:00:00,34052.65625,34509.73828125,34052.65625,34424.55859375,34424.55859375,510320640
2023-10-24 05:00:00,34451.04296875,34557.90234375,33875.14453125,33875.14453125,33875.14453125,144650240
2023-10-24 06:00:00,33883.62890625,34099.9375,33845.890625,33938.4296875,33938.4296875,725245952
2023-10-24 07:00:00,33971.84765625,34008.91015625,33733.40234375,34008.50390625,34008.50390625,735129600
2023-10-24 08:00:00,34012.10546875,34200.34375,33973.19921875,34153.91015625,34153.91015625,717185024
2023-10-24 09:00:00,34139.05078125,34483.265625,34062.14453125,34327.5703125,34327.5703125,369659904
2023-10-24 10:00:00,34343.82421875,34473.390625,34274.37109375,34463.55859375,34463.55859375,490913792
2023-10-24 11:00:00,34460.28515625,34867.10546875,34442.1171875,34530.6171875,34530.6171875,1503977472
2023-10-24 12:00:00,34545.3984375,34787.0234375,34494.59375,34583.03515625,34583.03515625,787947520
2023-10-24 13:00:00,34583.6015625,34583.6015625,34219.34765625,34424.05078125,34424.05078125,538701824
2023-10-24 14:00:00,34446.62890625,34453.50390625,34090.98828125,34314.421875,34314.421875,369737728
2023-10-24 16:00:00,33800.30078125,34244.65234375,33800.30078125,33950.2109375,33950.2109375,3700330496
2023-10-24 17:00:00,33939.73828125,34063.97265625,33824.03515625,33824.03515625,33824.03515625,0
2023-10-24 18:00:00,33803.9921875,33863.3125,33445.74609375,33829.16796875,33829.16796875,0
2023-10-24 19:00:00,33852.52734375,33856.90625,33683.5703125,33825.7890625,33825.7890625,0
2023-10-24 20:00:00,33805.59765625,33946.23828125,33645.53515625,33660.74609375,33660.74609375,0
2023-10-24 21:00:00,33636.83984375,34202.5625,33518.37890625,34202.5625,34202.5625,640102400
2023-10-24 22:00:00,34146.1328125,34184.80078125,33921.4296875,34109.9921875,34109.9921875,0
2023-10-24 23:00:00,34139.484375,34206.95703125,33739.59375,33883.7890625,33883.7890625,0
2023-10-25 00:00:00,33916.04296875,34027.42578125,33804.66015625,34018.21875,34018.21875,0
2023-10-25 01:00:00,34011.2578125,34351.30078125,34011.2578125,34183.4609375,34183.4609375,0
2023-10-25 02:00:00,34191.13671875,34204.34765625,33973.99609375,34016.49609375,34016.49609375,0
2023-10-25 03:00:00,34007.4609375,34063.6171875,33942.4453125,33990.453125,33990.453125,0
2023-10-25 04:00:00,33997.87109375,34198.63671875,33947.25,34198.63671875,34198.63671875,0
2023-10-25 05:00:00,34194.37890625,34194.37890625,33946.94140625,34015.640625,34015.640625,0
2023-10-25 06:00:00,34012.58203125,34181.9765625,34012.58203125,34121.8984375,34121.8984375,0
2023-10-25 07:00:00,34127.25390625,34195.1953125,33709.109375,33877.4921875,33877.4921875,0
2023-10-25 08:00:00,33868.1953125,33994.05078125,33809.30078125,33925.3203125,33925.3203125,0
2023-10-25 09:00:00,33953.65234375,34294.5703125,33901.68359375,34087.44921875,34087.44921875,0
2023-10-25 10:00:00,34103.6953125,34240.625,34075.17578125,34234.89453125,34234.89453125,0
2023-10-25 11:00:00,34238.328125,34317.109375,34189.4296875,34199.57421875,34199.57421875,0
2023-10-25 12:00:00,34201.109375,34419.28515625,34201.109375,34345.32421875,34345.32421875,0
2023-10-25 13:00:00,34345.26953125,34646.9375,34324.67578125,34500.25390625,34500.25390625,3907584
2023-10-25 14:00:00,34494.734375,34795.84765625,34353.84765625,34795.84765625,34795.84765625,158193664
2023-10-25 15:00:00,34795.6015625,34996.94921875,34662.94140625,34900.921875,34900.921875,0
2023-10-25 16:00:00,34864.07421875,35133.7578125,34510.359375,34559.58203125,34559.58203125,0
2023-10-25 17:00:00,34499.55859375,34692.41796875,34451.5703125,34673.84375,34673.84375,0
2023-10-25 18:00:00,34678.0390625,34732.1484375,34472.16015625,34669.5234375,34669.5234375,0
2023-10-25 19:00:00,34670.9453125,34786.3984375,34563.18359375,34786.3984375,34786.3984375,0
2023-10-25 20:00:00,34761.78515625,34845.02734375,34645.4765625,34681.0390625,34681.0390625,110284800
2023-10-25 21:00:00,34680.46875,34769.03125,34544.8125,34582.0703125,34582.0703125,0
2023-10-25 22:00:00,34568.30078125,34658.14453125,34528.05859375,34629.9296875,34629.9296875,0
2023-10-25 23:00:00,34616.7421875,34616.7421875,34367.515625,34493.9765625,34493.9765625,0
2023-10-26 00:00:00,34504.2890625,34632.51171875,34449.296875,34632.51171875,34632.51171875,0
2023-10-26 01:00:00,34678.80859375,34799.81640625,34669.7578125,34701.96875,34701.96875,0
2023-10-26 02:00:00,34697.99609375,34794.23046875,34665.26171875,34767.4765625,34767.4765625,0
2023-10-26 03:00:00,34762.1484375,34832.91015625,34728.03125,34805.44140625,34805.44140625,0
2023-10-26 04:00:00,34807.421875,34814.44921875,34682.83203125,34699.29296875,34699.29296875,0
2023-10-26 05:00:00,34705.97265625,34705.97265625,34526.1640625,34534.92578125,34534.92578125,0
2023-10-26 06:00:00,34530.14453125,34639.45703125,34451.484375,34639.45703125,34639.45703125,180426752
2023-10-26 07:00:00,34628.69140625,34774.0546875,34562.8515625,34648.0390625,34648.0390625,0
2023-10-26 08:00:00,34661.6953125,34738.3671875,34520.2578125,34552.32421875,34552.32421875,15431680
2023-10-26 09:00:00,34523.4765625,34585.37109375,34432.1484375,34442.71875,34442.71875,0
2023-10-26 10:00:00,34443.90234375,34456.1953125,34171.8203125,34279.828125,34279.828125,333498368
2023-10-26 11:00:00,34282.3046875,34323.2890625,33983.0,34107.55078125,34107.55078125,0
2023-10-26 12:00:00,34110.72265625,34326.8671875,34110.72265625,34291.35546875,34291.35546875,0
2023-10-26 13:00:00,34271.59375,34365.65625,34215.09375,34221.79296875,34221.79296875,0
2023-10-26 14:00:00,34199.75390625,34339.87890625,33937.85546875,34191.26171875,34191.26171875,0
2023-10-26 15:00:00,34202.734375,34250.60546875,33875.77734375,34036.703125,34036.703125,0
2023-10-26 16:00:00,34039.84765625,34079.1484375,33771.328125,33778.125,33778.125,0
2023-10-26 17:00:00,33764.79296875,33961.13671875,33762.32421875,33961.13671875,33961.13671875,0
2023-10-26 18:00:00,33951.60546875,34070.125,33939.6484375,33980.3828125,33980.3828125,0
2023-10-26 19:00:00,33981.16015625,34058.6640625,33926.4765625,34052.015625,34052.015625,0
2023-10-26 20:00:00,34060.47265625,34203.00390625,34052.78125,34193.69921875,34193.69921875,0
2023-10-26 21:00:00,34193.03125,34214.63671875,34091.1796875,34115.8671875,34115.8671875,0
2023-10-26 22:00:00,34114.19921875,34253.99609375,34114.19921875,34253.99609375,34253.99609375,0
2023-10-26 23:00:00,34240.75390625,34279.3984375,34149.30859375,34155.5,34155.5,0
2023-10-27 00:00:00,34156.5,34166.27734375,33987.078125,34048.30078125,34048.30078125,0
2023-10-27 01:00:00,34036.92578125,34056.35546875,33797.1328125,33856.8203125,33856.8203125,0
2023-10-27 02:00:00,33852.26171875,34148.34765625,33827.98046875,34090.609375,34090.609375,145901568
2023-10-27 03:00:00,34090.35546875,34150.43359375,34062.1171875,34122.9765625,34122.9765625,0
2023-10-27 04:00:00,34123.49609375,34174.76171875,34019.7578125,34109.33984375,34109.33984375,0
2023-10-27 05:00:00,34100.19140625,34117.359375,33995.4140625,34086.328125,34086.328125,0
2023-10-27 06:00:00,34090.1171875,34230.28125,34078.9453125,34230.28125,34230.28125,0
2023-10-27 07:00:00,34238.2109375,34238.2109375,33964.18359375,33964.39453125,33964.39453125,0
2023-10-27 08:00:00,33950.3046875,34122.3984375,33950.3046875,34110.52734375,34110.52734375,0
2023-10-27 09:00:00,34099.6015625,34180.5234375,34098.6640625,34154.21875,34154.21875,0
2023-10-27 10:00:00,34162.8515625,34177.29296875,34101.31640625,34102.59375,34102.59375,0
2023-10-27 11:00:00,34088.9296875,34098.42578125,33983.36328125,34042.41796875,34042.41796875,0
2023-10-27 12:00:00,34045.78125,34194.80859375,33986.11328125,34095.5625,34095.5625,0
2023-10-27 13:00:00,34111.1171875,34201.7734375,34107.421875,34164.046875,34164.046875,70245376
2023-10-27 14:00:00,34158.75390625,34159.515625,33866.015625,33907.15625,33907.15625,0
2023-10-27 15:00:00,33892.296875,34117.25390625,33879.47265625,33979.48046875,33979.48046875,0
2023-10-27 16:00:00,33995.5390625,34029.11328125,33866.8828125,33876.82421875,33876.82421875,0
2023-10-27 17:00:00,33872.8984375,33875.96875,33517.15234375,33618.96875,33618.96875,1065549824
2023-10-27 18:00:00,33607.8671875,33675.5625,33416.88671875,33597.0078125,33597.0078125,324436992
2023-10-27 19:00:00,33599.91796875,33706.61328125,33599.91796875,33673.015625,33673.015625,0
2023-10-27 20:00:00,33683.55078125,33844.2734375,33683.55078125,33823.17578125,33823.17578125,0
2023-10-27 21:00:00,33834.671875,33864.67578125,33790.91796875,33848.1640625,33848.1640625,47242240
2023-10-27 22:00:00,33852.953125,33882.390625,33810.73046875,33820.0703125,33820.0703125,0
2023-10-27 23:00:00,33820.5625,33939.8203125,33805.2734375,33907.77734375,33907.77734375,0
2023-10-28 00:00:00,33907.72265625,33934.98828125,33875.28515625,33904.0234375,33904.0234375,0
2023-10-28 01:00:00,33905.32421875,33910.19140625,33874.8046875,33905.43359375,33905.43359375,0
2023-10-28 02:00:00,33915.8828125,34101.47265625,33912.84765625,34089.30859375,34089.30859375,0
2023-10-28 03:00:00,34096.6875,34096.6875,34026.6484375,34067.7734375,34067.7734375,0
2023-10-28 04:00:00,34066.0625,34097.671875,34034.6015625,34086.61328125,34086.61328125,0
2023-10-28 05:00:00,34093.76953125,34177.84765625,34093.76953125,34104.84765625,34104.84765625,0
2023-10-28 06:00:00,34100.11328125,34125.015625,34070.92578125,34076.8671875,34076.8671875,0
2023-10-28 07:00:00,34063.49609375,34091.55859375,34047.71875,34047.71875,34047.71875,0
2023-10-28 08:00:00,34051.5078125,34099.67578125,34043.33203125,34089.54296875,34089.54296875,0
2023-10-28 09:00:00,34090.625,34112.78125,34064.12890625,34093.72265625,34093.72265625,0
2023-10-28 10:00:00,34093.140625,34106.7109375,34076.17578125,34098.1640625,34098.1640625,0
2023-10-28 11:00:00,34103.62890625,34399.390625,34102.9140625,34181.44140625,34181.44140625,701510656
2023-10-28 12:00:00,34187.11328125,34204.5390625,34002.43359375,34016.1484375,34016.1484375,0
2023-10-28 13:00:00,34021.28125,34131.27734375,33979.57421875,34120.21484375,34120.21484375,0
2023-10-28 14:00:00,34132.83984375,34151.4140625,34072.3125,34096.171875,34096.171875,0
2023-10-28 15:00:00,34100.46484375,34234.4765625,34096.58984375,34186.3359375,34186.3359375,0
2023-10-28 16:00:00,34194.953125,34196.3671875,34127.57421875,34129.94140625,34129.94140625,0
2023-10-28 17:00:00,34140.6328125,34144.33984375,34112.2890625,34143.57421875,34143.57421875,0
2023-10-28 18:00:00,34140.640625,34194.42578125,34085.453125,34183.1875,34183.1875,0
2023-10-28 19:00:00,34173.59765625,34181.04296875,34128.15625,34129.09375,34129.09375,0
2023-10-28 20:00:00,34125.68359375,34149.1875,34106.47265625,34134.5,34134.5,0
2023-10-28 21:00:00,34132.84375,34199.28125,34132.84375,34198.69140625,34198.69140625,0
2023-10-28 22:00:00,34198.296875,34198.296875,34105.46484375,34113.8984375,34113.8984375,0
2023-10-28 23:00:00,34111.8046875,34115.2578125,34074.69140625,34089.25,34089.25,0
2023-10-29 00:00:00,34089.37109375,34104.2109375,34051.19140625,34085.15625,34085.15625,3306496
2023-10-29 01:00:00,34083.59375,34095.84375,33965.953125,34021.6796875,34021.6796875,119533568
2023-10-29 02:00:00,34015.05078125,34033.83203125,33992.35546875,34033.83203125,34033.83203125,0
2023-10-29 03:00:00,34037.2578125,34037.2578125,33972.5625,33982.60546875,33982.60546875,0
2023-10-29 04:00:00,33978.703125,34045.37890625,33947.56640625,34027.484375,34027.484375,0
2023-10-29 05:00:00,34027.82421875,34044.078125,34009.48828125,34035.0078125,34035.0078125,0
2023-10-29 06:00:00,34036.45703125,34135.75,34025.6875,34099.38671875,34099.38671875,0
2023-10-29 07:00:00,34099.54296875,34129.90625,34072.08984375,34100.32421875,34100.32421875,0
2023-10-29 08:00:00,34099.0703125,34252.5234375,34098.5703125,34252.5234375,34252.5234375,65289216
2023-10-29 09:00:00,34251.1875,34265.4765625,34190.953125,34226.73828125,34226.73828125,96207872
2023-10-29 10:00:00,34220.92578125,34222.83203125,34165.9765625,34168.1875,34168.1875,0
2023-10-29 11:00:00,34175.125,34319.04296875,34173.375,34288.43359375,34288.43359375,0
2023-10-29 12:00:00,34268.57421875,34418.19921875,34268.57421875,34417.01171875,34417.01171875,0
2023-10-29 13:00:00,34424.32421875,34494.91796875,34347.34765625,34362.80078125,34362.80078125,0
2023-10-29 14:00:00,34375.296875,34499.31640625,34343.22265625,34490.30859375,34490.30859375,291443200
2023-10-29 15:00:00,34492.01953125,34561.5625,34429.62109375,34450.828125,34450.828125,212868096
2023-10-29 16:00:00,34454.84375,34457.75,34385.35546875,34414.14453125,34414.14453125,0
2023-10-29 17:00:00,34411.9375,34741.08984375,34387.140625,34578.5390625,34578.5390625,615071744
2023-10-29 18:00:00,34575.78515625,34743.26171875,34575.78515625,34684.8359375,34684.8359375,436896768
2023-10-29 19:00:00,34694.7890625,34694.7890625,34549.578125,34581.2265625,34581.2265625,193352704
2023-10-29 20:00:00,34578.2890625,34633.671875,34559.08203125,34581.625,34581.625,109230080
2023-10-29 21:00:00,34589.34765625,34663.92578125,34549.58203125,34549.58203125,34549.58203125,90400768
2023-10-29 22:00:00,34463.828125,34724.3984375,34463.828125,34712.9375,34712.9375,387870720
2023-10-29 23:00:00,34713.92578125,34713.92578125,34493.63671875,34535.76953125,34535.76953125,266265600
2023-10-30 00:00:00,34531.7421875,34577.84765625,34467.95703125,34471.25390625,34471.25390625,138520576
2023-10-30 01:00:00,34470.265625,34529.8828125,34436.67578125,34441.8046875,34441.8046875,0
2023-10-30 02:00:00,34436.02734375,34436.02734375,34259.57421875,34325.796875,34325.796875,707189760
2023-10-30 03:00:00,34330.5390625,34330.95703125,34253.67578125,34280.8359375,34280.8359375,126050304
2023-10-30 04:00:00,34279.52734375,34353.48828125,34255.42578125,34327.8203125,34327.8203125,148297728
2023-10-30 05:00:00,34328.890625,34357.265625,34243.62109375,34272.61328125,34272.61328125,203509760
2023-10-30 06:00:00,34271.0078125,34323.08203125,34206.83984375,34310.3671875,34310.3671875,255184896
2023-10-30 07:00:00,34308.24609375,34346.7109375,34175.71875,34212.9765625,34212.9765625,486156288
2023-10-30 08:00:00,34211.0703125,34426.703125,34181.26953125,34405.26953125,34405.26953125,469338112
2023-10-30 09:00:00,34397.6484375,34656.0703125,34397.6484375,34557.2734375,34557.2734375,354824192
2023-10-30 10:00:00,34537.40625,34578.65625,34447.57421875,34536.38671875,34536.38671875,594223104
2023-10-30 11:00:00,34539.7890625,34660.046875,34478.10546875,34607.12109375,34607.12109375,198504448
2023-10-30 12:00:00,34612.08203125,34819.203125,34584.86328125,34598.23046875,34598.23046875,732758016
2023-10-30 13:00:00,34609.17578125,34766.72265625,34516.7421875,34681.62890625,34681.62890625,278410240
2023-10-30 14:00:00,34679.1484375,34843.93359375,34585.5,34619.9375,34619.9375,522543104
2023-10-30 15:00:00,34622.0546875,34760.96875,34622.0546875,34661.28125,34661.28125,125930496
2023-10-30 16:00:00,34664.75390625,34664.75390625,34412.140625,34473.80078125,34473.80078125,410596352
2023-10-30 17:00:00,34471.2421875,34478.453125,34110.97265625,34335.1171875,34335.1171875,502246400
2023-10-30 18:00:00,34326.58984375,34372.76953125,34304.9296875,34324.328125,34324.328125,0
2023-10-30 19:00:00,34318.93359375,34443.34375,34312.98046875,34421.6640625,34421.6640625,479567872
2023-10-30 20:00:00,34448.07421875,34457.62890625,34344.53515625,34453.98046875,34453.98046875,129331200
2023-10-30 21:00:00,34452.7265625,34580.73046875,34396.1484375,34550.37109375,34550.37109375,148424704
2023-10-30 22:00:00,34543.57421875,34543.57421875,34471.65625,34483.1640625,34483.1640625,0
2023-10-30 23:00:00,34482.78125,34518.99609375,34473.80078125,34505.4296875,34505.4296875,0
2023-10-31 00:00:00,34500.078125,34613.2890625,34473.48828125,34532.3203125,34532.3203125,215662592
2023-10-31 01:00:00,34537.5078125,34549.8359375,34442.11328125,34469.28125,34469.28125,66338816
2023-10-31 02:00:00,34469.80078125,34477.078125,34284.765625,34363.109375,34363.109375,0
2023-10-31 03:00:00,34367.83984375,34389.19921875,34236.3203125,34240.9921875,34240.9921875,364823552
2023-10-31 04:00:00,34240.23828125,34291.69921875,34213.91796875,34251.83203125,34251.83203125,0
2023-10-31 05:00:00,34246.98828125,34334.78125,34192.78515625,34297.28515625,34297.28515625,219078656
2023-10-31 06:00:00,34294.8125,34355.796875,34195.58203125,34272.28515625,34272.28515625,504197120
2023-10-31 07:00:00,34262.5,34307.34765625,34120.0546875,34153.90234375,34153.90234375,0
2023-10-31 08:00:00,34159.93359375,34420.5625,34083.30859375,34402.98828125,34402.98828125,182626304
2023-10-31 09:00:00,34423.4609375,34471.2578125,34362.75,34449.53125,34449.53125,0
2023-10-31 10:00:00,34438.734375,34458.7890625,34369.38671875,34455.1875,34455.1875,0
2023-10-31 11:00:00,34447.1484375,34548.13671875,34406.0546875,34518.58203125,34518.58203125,119250944
2023-10-31 12:00:00,34516.10546875,34526.921875,34301.76171875,34309.73046875,34309.73046875,0
2023-10-31 13:00:00,34310.35546875,34348.1484375,34188.7890625,34218.953125,34218.953125,0
2023-10-31 14:00:00,34221.9375,34374.11328125,34161.84765625,34336.8203125,34336.8203125,0
2023-10-31 15:00:00,34332.77734375,34368.515625,34176.0625,34290.8984375,34290.8984375,62582784
2023-10-31 16:00:00,34288.87890625,34488.30859375,34258.10546875,34435.875,34435.875,0
2023-10-31 17:00:00,34440.203125,34440.46484375,34375.25,34388.40234375,34388.40234375,0
2023-10-31 18:00:00,34385.90625,34491.03515625,34355.546875,34490.19140625,34490.19140625,0
2023-10-31 19:00:00,34486.89453125,34569.53125,34452.47265625,34493.5078125,34493.5078125,0
2023-10-31 20:00:00,34542.81640625,34695.45703125,34538.96875,34647.109375,34647.109375,704350208
2023-10-31 21:00:00,34647.43359375,34719.25390625,34453.9765625,34477.00390625,34477.00390625,187508736
2023-10-31 22:00:00,34487.7578125,34646.4453125,34473.7578125,34582.87890625,34582.87890625,78882816
2023-10-31 23:00:00,34579.859375,34668.41015625,34536.70703125,34668.41015625,34668.41015625,0
