index,Datetime,Open,High,Low,Close,Adj Close,Volume
0,2023-11-01 00:00:00,1815.8720703125,1828.784912109375,1813.3648681640625,1818.3912353515625,1818.3912353515625,263243776
1,2023-11-01 01:00:00,1818.6575927734373,1819.125244140625,1812.684326171875,1813.805908203125,1813.805908203125,46687232
2,2023-11-01 02:00:00,1813.7347412109373,1813.7347412109373,1810.0914306640625,1811.595947265625,1811.595947265625,0
3,2023-11-01 03:00:00,1811.758056640625,1812.6339111328125,1809.3197021484373,1811.380615234375,1811.380615234375,0
4,2023-11-01 04:00:00,1810.7034912109373,1810.7034912109373,1807.8868408203125,1808.840576171875,1808.840576171875,103677952
5,2023-11-01 05:00:00,1809.10693359375,1809.10693359375,1800.6351318359375,1800.8043212890625,1800.8043212890625,38451712
6,2023-11-01 06:00:00,1800.91796875,1803.99072265625,1798.80908203125,1803.99072265625,1803.99072265625,0
7,2023-11-01 07:00:00,1804.23486328125,1808.9456787109373,1803.0833740234373,1805.155517578125,1805.155517578125,0
8,2023-11-01 08:00:00,1805.8458251953125,1807.955810546875,1804.151123046875,1805.8046875,1805.8046875,0
9,2023-11-01 09:00:00,1805.5750732421875,1807.605224609375,1803.408935546875,1804.967041015625,1804.967041015625,45407232
10,2023-11-01 10:00:00,1805.449462890625,1805.69482421875,1794.0279541015625,1795.41650390625,1795.41650390625,101081088
11,2023-11-01 11:00:00,1795.823486328125,1800.4957275390625,1793.9749755859375,1800.4957275390625,1800.4957275390625,0
12,2023-11-01 12:00:00,1799.9276123046875,1816.557861328125,1793.94580078125,1816.557861328125,1816.557861328125,224654336
13,2023-11-01 13:00:00,1815.2711181640625,1824.404541015625,1796.0194091796875,1801.2156982421875,1801.2156982421875,576013312
14,2023-11-01 14:00:00,1801.83203125,1807.537841796875,1786.4095458984375,1789.22314453125,1789.22314453125,234927104
15,2023-11-01 15:00:00,1787.3516845703125,1794.056396484375,1787.3516845703125,1793.0074462890625,1793.0074462890625,0
16,2023-11-01 16:00:00,1792.7611083984375,1802.7012939453125,1792.7110595703125,1797.7276611328125,1797.7276611328125,0
17,2023-11-01 17:00:00,1797.655517578125,1806.7938232421875,1796.490478515625,1805.879150390625,1805.879150390625,85815808
18,2023-11-01 18:00:00,1807.5819091796875,1828.9541015625,1804.9622802734373,1822.83447265625,1822.83447265625,615969280
19,2023-11-01 19:00:00,1821.3538818359373,1849.974853515625,1819.6494140625,1834.3895263671875,1834.3895263671875,708424192
20,2023-11-01 20:00:00,1836.443115234375,1853.503662109375,1836.443115234375,1849.1226806640625,1849.1226806640625,696622080
21,2023-11-01 21:00:00,1853.5897216796875,1858.3128662109373,1839.4345703125,1846.2386474609373,1846.2386474609373,480303104
22,2023-11-01 22:00:00,1845.3165283203125,1856.601806640625,1841.3050537109373,1842.758544921875,1842.758544921875,279821312
23,2023-11-01 23:00:00,1843.7794189453125,1849.2138671875,1841.509033203125,1846.770751953125,1846.770751953125,161426432
24,2023-11-02 00:00:00,1847.2598876953125,1852.1429443359373,1842.2298583984373,1848.0467529296875,1848.0467529296875,0
25,2023-11-02 01:00:00,1848.4119873046875,1866.010498046875,1848.4119873046875,1857.0106201171875,1857.0106201171875,217890816
26,2023-11-02 02:00:00,1857.13037109375,1866.7578125,1852.3634033203125,1864.7745361328125,1864.7745361328125,248117248
27,2023-11-02 03:00:00,1866.4327392578125,1873.885009765625,1859.491455078125,1859.491455078125,1859.491455078125,308183040
28,2023-11-02 04:00:00,1858.6612548828125,1860.6585693359373,1851.6573486328125,1852.5849609375,1852.5849609375,73052160
29,2023-11-02 05:00:00,1852.1470947265625,1852.8919677734373,1837.97119140625,1837.97119140625,1837.97119140625,182459392
30,2023-11-02 06:00:00,1836.829345703125,1840.7745361328125,1834.135986328125,1836.232666015625,1836.232666015625,151875584
31,2023-11-02 07:00:00,1836.166748046875,1838.595458984375,1832.840087890625,1834.1640625,1834.1640625,77490176
32,2023-11-02 08:00:00,1836.012451171875,1836.012451171875,1823.291259765625,1834.1610107421875,1834.1610107421875,168553472
33,2023-11-02 09:00:00,1833.6070556640625,1835.5968017578125,1829.870849609375,1835.318115234375,1835.318115234375,36822016
34,2023-11-02 10:00:00,1835.1192626953125,1838.6541748046875,1833.1483154296875,1836.6846923828125,1836.6846923828125,0
35,2023-11-02 11:00:00,1835.2332763671875,1840.44921875,1834.4288330078125,1836.880126953125,1836.880126953125,0
36,2023-11-02 12:00:00,1836.787109375,1842.464599609375,1833.5382080078125,1837.60205078125,1837.60205078125,0
37,2023-11-02 13:00:00,1836.62060546875,1837.892822265625,1821.9635009765625,1825.380126953125,1825.380126953125,0
38,2023-11-02 14:00:00,1824.7115478515625,1826.594482421875,1813.7650146484373,1816.8919677734373,1816.8919677734373,0
39,2023-11-02 15:00:00,1817.07568359375,1817.07568359375,1802.4688720703125,1805.2164306640625,1805.2164306640625,152557568
40,2023-11-02 16:00:00,1803.934326171875,1807.0352783203125,1790.11474609375,1800.218994140625,1800.218994140625,603059200
41,2023-11-02 17:00:00,1800.9857177734375,1805.3411865234373,1794.6273193359375,1805.3411865234373,1805.3411865234373,29773824
42,2023-11-02 18:00:00,1805.318603515625,1808.2728271484373,1800.927001953125,1807.172119140625,1807.172119140625,0
43,2023-11-02 19:00:00,1807.0452880859373,1812.2264404296875,1806.379150390625,1812.2264404296875,1812.2264404296875,0
44,2023-11-02 20:00:00,1812.5045166015625,1812.8551025390625,1799.4873046875,1805.6925048828125,1805.6925048828125,0
45,2023-11-02 21:00:00,1805.3785400390625,1805.4744873046875,1801.0640869140625,1802.2545166015625,1802.2545166015625,0
46,2023-11-02 22:00:00,1803.08447265625,1803.08447265625,1794.7127685546875,1797.1322021484375,1797.1322021484375,0
47,2023-11-02 23:00:00,1796.4000244140625,1801.8009033203125,1794.0440673828125,1800.777587890625,1800.777587890625,0
48,2023-11-03 00:00:00,1800.91650390625,1802.86328125,1785.050048828125,1787.168701171875,1787.168701171875,33283072
49,2023-11-03 01:00:00,1787.64599609375,1792.5836181640625,1779.635498046875,1790.68017578125,1790.68017578125,54497280
50,2023-11-03 02:00:00,1790.093994140625,1797.8494873046875,1788.751220703125,1797.8494873046875,1797.8494873046875,0
51,2023-11-03 03:00:00,1798.0380859375,1800.6597900390625,1796.759033203125,1800.0546875,1800.0546875,0
52,2023-11-03 04:00:00,1799.7947998046875,1799.9239501953125,1789.13427734375,1790.9444580078125,1790.9444580078125,0
53,2023-11-03 05:00:00,1791.8250732421875,1799.17431640625,1790.5078125,1799.17431640625,1799.17431640625,0
54,2023-11-03 06:00:00,1799.1676025390625,1801.5621337890625,1795.8785400390625,1796.2188720703125,1796.2188720703125,0
55,2023-11-03 07:00:00,1796.195556640625,1800.9111328125,1795.335693359375,1798.006591796875,1798.006591796875,0
56,2023-11-03 08:00:00,1798.3680419921875,1804.37890625,1791.8626708984375,1797.9942626953125,1797.9942626953125,0
57,2023-11-03 09:00:00,1797.4368896484375,1797.4368896484375,1788.698974609375,1788.698974609375,1788.698974609375,12479488
58,2023-11-03 10:00:00,1789.66943359375,1789.66943359375,1782.713623046875,1786.348876953125,1786.348876953125,40980992
59,2023-11-03 11:00:00,1787.87353515625,1790.566162109375,1784.3150634765625,1790.566162109375,1790.566162109375,0
60,2023-11-03 12:00:00,1790.315185546875,1798.52685546875,1785.714599609375,1796.718017578125,1796.718017578125,75524096
61,2023-11-03 13:00:00,1796.337158203125,1806.822998046875,1794.999267578125,1806.822998046875,1806.822998046875,0
62,2023-11-03 14:00:00,1807.883056640625,1812.49755859375,1802.8560791015625,1805.975341796875,1805.975341796875,0
63,2023-11-03 15:00:00,1806.24951171875,1814.16357421875,1804.5855712890625,1814.16357421875,1814.16357421875,0
64,2023-11-03 16:00:00,1814.08154296875,1818.6749267578125,1809.6553955078125,1816.42333984375,1816.42333984375,0
65,2023-11-03 17:00:00,1816.7999267578125,1817.1846923828125,1802.0574951171875,1806.4827880859373,1806.4827880859373,77315584
66,2023-11-03 18:00:00,1807.255126953125,1823.6158447265625,1803.894775390625,1815.870849609375,1815.870849609375,75962880
67,2023-11-03 19:00:00,1815.9832763671875,1820.2713623046875,1812.57421875,1819.4381103515625,1819.4381103515625,0
68,2023-11-03 20:00:00,1818.2882080078125,1832.813720703125,1817.4761962890625,1829.70166015625,1829.70166015625,107039232
69,2023-11-03 21:00:00,1829.0780029296875,1832.249755859375,1828.80126953125,1829.8975830078125,1829.8975830078125,34672640
70,2023-11-03 22:00:00,1829.04052734375,1831.9305419921875,1826.98046875,1831.747314453125,1831.747314453125,0
71,2023-11-03 23:00:00,1832.198486328125,1835.072509765625,1830.3759765625,1832.83447265625,1832.83447265625,18384896
72,2023-11-04 00:00:00,1833.368896484375,1834.28271484375,1827.1204833984373,1829.4915771484373,1829.4915771484373,0
73,2023-11-04 01:00:00,1829.2752685546875,1835.1292724609373,1825.736572265625,1835.1292724609373,1835.1292724609373,0
74,2023-11-04 02:00:00,1835.68359375,1839.84765625,1833.997802734375,1834.5291748046875,1834.5291748046875,43548160
75,2023-11-04 03:00:00,1833.7354736328125,1835.8052978515625,1831.57958984375,1835.0338134765625,1835.0338134765625,0
76,2023-11-04 04:00:00,1835.4735107421875,1835.4735107421875,1830.246337890625,1830.5533447265625,1830.5533447265625,0
77,2023-11-04 05:00:00,1830.6563720703125,1831.262451171875,1826.667236328125,1831.262451171875,1831.262451171875,0
78,2023-11-04 06:00:00,1831.4156494140625,1837.6287841796875,1831.4156494140625,1832.788330078125,1832.788330078125,89633280
79,2023-11-04 07:00:00,1833.1685791015625,1839.3909912109373,1833.1685791015625,1835.5645751953125,1835.5645751953125,49722880
80,2023-11-04 08:00:00,1835.1729736328125,1842.8619384765625,1832.9371337890625,1840.28955078125,1840.28955078125,0
81,2023-11-04 09:00:00,1840.498779296875,1847.974609375,1840.212890625,1840.212890625,1840.212890625,0
82,2023-11-04 10:00:00,1840.05712890625,1847.868896484375,1838.2451171875,1842.9884033203125,1842.9884033203125,0
83,2023-11-04 11:00:00,1843.1800537109373,1845.860595703125,1837.83251953125,1837.83251953125,1837.83251953125,0
84,2023-11-04 12:00:00,1838.5748291015625,1841.7354736328125,1838.362548828125,1839.8048095703125,1839.8048095703125,0
85,2023-11-04 13:00:00,1839.5556640625,1839.635986328125,1834.533203125,1836.0079345703125,1836.0079345703125,0
86,2023-11-04 14:00:00,1836.4981689453125,1837.4866943359373,1833.2322998046875,1833.649169921875,1833.649169921875,0
87,2023-11-04 15:00:00,1833.669921875,1834.76171875,1830.436279296875,1832.6160888671875,1832.6160888671875,0
88,2023-11-04 16:00:00,1832.933349609375,1838.9149169921875,1832.8851318359373,1835.14404296875,1835.14404296875,0
89,2023-11-04 17:00:00,1834.9615478515625,1839.6884765625,1834.6842041015625,1839.6884765625,1839.6884765625,0
90,2023-11-04 18:00:00,1839.815673828125,1841.2833251953125,1836.911865234375,1841.080322265625,1841.080322265625,0
91,2023-11-04 19:00:00,1841.34619140625,1841.34619140625,1836.6859130859373,1837.2252197265625,1837.2252197265625,0
92,2023-11-04 20:00:00,1837.4049072265625,1840.143310546875,1836.0775146484373,1839.383056640625,1839.383056640625,0
93,2023-11-04 21:00:00,1839.3212890625,1846.595458984375,1839.3212890625,1844.8570556640625,1844.8570556640625,0
94,2023-11-04 22:00:00,1845.0592041015625,1856.6634521484373,1844.4468994140625,1856.6634521484373,1856.6634521484373,55005184
95,2023-11-04 23:00:00,1858.3612060546875,1867.2613525390625,1856.82470703125,1857.0224609375,1857.0224609375,226165760
96,2023-11-05 00:00:00,1857.3956298828125,1858.46728515625,1848.6201171875,1852.3975830078125,1852.3975830078125,42178048
97,2023-11-05 01:00:00,1852.457275390625,1857.77783203125,1851.809814453125,1856.3734130859373,1856.3734130859373,0
98,2023-11-05 02:00:00,1856.439697265625,1856.439697265625,1848.683837890625,1856.042724609375,1856.042724609375,0
99,2023-11-05 03:00:00,1856.4256591796875,1893.8934326171875,1856.3807373046875,1893.8934326171875,1893.8934326171875,374924800
100,2023-11-05 04:00:00,1889.2288818359373,1889.864501953125,1879.510498046875,1884.6566162109373,1884.6566162109373,377796096
101,2023-11-05 05:00:00,1884.363037109375,1895.0322265625,1883.045166015625,1888.8839111328125,1888.8839111328125,210054656
102,2023-11-05 06:00:00,1888.162109375,1888.162109375,1878.621826171875,1880.165771484375,1880.165771484375,0
103,2023-11-05 07:00:00,1880.717529296875,1888.2762451171875,1880.0245361328125,1886.9915771484373,1886.9915771484373,75785728
104,2023-11-05 08:00:00,1886.465576171875,1895.3602294921875,1879.9100341796875,1880.9102783203125,1880.9102783203125,187869696
105,2023-11-05 09:00:00,1881.143798828125,1891.0623779296875,1879.958740234375,1889.667236328125,1889.667236328125,0
106,2023-11-05 10:00:00,1890.3514404296875,1890.4300537109373,1885.3489990234373,1889.4521484375,1889.4521484375,18446336
107,2023-11-05 11:00:00,1889.331787109375,1894.21142578125,1886.516357421875,1888.9979248046875,1888.9979248046875,88261632
108,2023-11-05 12:00:00,1889.37646484375,1900.0484619140625,1887.3048095703125,1893.7398681640625,1893.7398681640625,324077056
109,2023-11-05 13:00:00,1893.464111328125,1897.384033203125,1873.3485107421875,1874.83984375,1874.83984375,224869888
110,2023-11-05 14:00:00,1871.2481689453125,1881.4195556640625,1871.1395263671875,1879.9549560546875,1879.9549560546875,339919360
111,2023-11-05 15:00:00,1879.54296875,1881.494384765625,1872.411376953125,1876.7147216796875,1876.7147216796875,127537664
112,2023-11-05 16:00:00,1875.96826171875,1884.673583984375,1874.59814453125,1883.778076171875,1883.778076171875,82463232
113,2023-11-05 17:00:00,1883.81884765625,1911.608642578125,1883.307373046875,1901.81396484375,1901.81396484375,701916672
114,2023-11-05 18:00:00,1901.7838134765625,1904.9473876953125,1894.019775390625,1894.019775390625,1894.019775390625,211264000
115,2023-11-05 19:00:00,1894.3287353515625,1898.77587890625,1889.3626708984373,1889.9825439453125,1889.9825439453125,121633792
116,2023-11-05 20:00:00,1890.2740478515625,1895.2196044921875,1884.9371337890625,1887.7662353515625,1887.7662353515625,114369024
117,2023-11-05 21:00:00,1887.509765625,1888.3511962890625,1863.7523193359373,1868.062744140625,1868.062744140625,328030720
118,2023-11-05 22:00:00,1869.5936279296875,1886.427978515625,1869.5936279296875,1886.427978515625,1886.427978515625,75930624
119,2023-11-05 23:00:00,1887.746826171875,1910.343505859375,1887.746826171875,1894.6544189453125,1894.6544189453125,166082560
120,2023-11-06 00:00:00,1894.027099609375,1899.091796875,1890.264404296875,1896.0430908203125,1896.0430908203125,40910848
121,2023-11-06 01:00:00,1896.4228515625,1900.947509765625,1886.65869140625,1888.21142578125,1888.21142578125,53209088
122,2023-11-06 02:00:00,1887.4368896484373,1891.4046630859373,1883.13525390625,1887.5125732421875,1887.5125732421875,45536256
123,2023-11-06 03:00:00,1887.3795166015625,1889.85009765625,1882.9593505859373,1886.967529296875,1886.967529296875,0
124,2023-11-06 04:00:00,1888.8353271484373,1890.81103515625,1876.644775390625,1879.3919677734373,1879.3919677734373,0
125,2023-11-06 05:00:00,1879.68359375,1883.6455078125,1871.9730224609373,1875.298095703125,1875.298095703125,117476352
126,2023-11-06 06:00:00,1875.96923828125,1879.968994140625,1874.12158203125,1879.0843505859373,1879.0843505859373,0
127,2023-11-06 07:00:00,1879.48779296875,1881.7303466796875,1877.0811767578125,1879.91796875,1879.91796875,0
128,2023-11-06 08:00:00,1879.7838134765625,1885.156005859375,1875.8504638671875,1885.156005859375,1885.156005859375,0
129,2023-11-06 09:00:00,1886.2393798828125,1890.694580078125,1884.9127197265625,1888.78955078125,1888.78955078125,28785664
130,2023-11-06 10:00:00,1889.01318359375,1899.2210693359373,1888.2398681640625,1897.6561279296875,1897.6561279296875,91811840
131,2023-11-06 11:00:00,1896.7674560546875,1899.3004150390625,1893.2144775390625,1899.3004150390625,1899.3004150390625,0
132,2023-11-06 12:00:00,1899.6446533203125,1905.40185546875,1894.4102783203125,1905.40185546875,1905.40185546875,0
133,2023-11-06 13:00:00,1906.95947265625,1909.885986328125,1892.037841796875,1897.24169921875,1897.24169921875,186788352
134,2023-11-06 14:00:00,1898.2674560546875,1914.5826416015625,1898.2674560546875,1913.3052978515625,1913.3052978515625,164061696
135,2023-11-06 15:00:00,1914.0264892578125,1914.0264892578125,1901.836181640625,1901.836181640625,1901.836181640625,166449152
136,2023-11-06 16:00:00,1901.91845703125,1903.879638671875,1893.8795166015625,1896.4305419921875,1896.4305419921875,246306816
137,2023-11-06 17:00:00,1895.6015625,1898.1905517578125,1889.8585205078125,1896.8138427734373,1896.8138427734373,0
138,2023-11-06 18:00:00,1897.6058349609373,1898.7486572265625,1887.5174560546875,1895.3126220703125,1895.3126220703125,0
139,2023-11-06 19:00:00,1894.81103515625,1903.770263671875,1892.6580810546875,1902.04443359375,1902.04443359375,5805568
140,2023-11-06 20:00:00,1902.1092529296875,1902.5150146484373,1892.8758544921875,1895.2109375,1895.2109375,26018304
141,2023-11-06 21:00:00,1895.39404296875,1895.39404296875,1883.2747802734373,1892.1300048828125,1892.1300048828125,0
142,2023-11-06 22:00:00,1892.4488525390625,1904.4730224609373,1892.4488525390625,1904.4730224609373,1904.4730224609373,0
143,2023-11-06 23:00:00,1903.8739013671875,1907.1650390625,1895.3031005859373,1900.306884765625,1900.306884765625,0
144,2023-11-07 00:00:00,1900.5997314453125,1904.3310546875,1887.138671875,1893.56884765625,1893.56884765625,183884288
145,2023-11-07 01:00:00,1893.077392578125,1897.3826904296875,1890.416015625,1893.822021484375,1893.822021484375,39802368
146,2023-11-07 02:00:00,1893.9229736328125,1896.5028076171875,1881.8619384765625,1881.8619384765625,1881.8619384765625,121073152
147,2023-11-07 03:00:00,1881.3538818359373,1890.7293701171875,1879.4801025390625,1890.7293701171875,1890.7293701171875,38032896
148,2023-11-07 04:00:00,1890.775390625,1895.04052734375,1886.7506103515625,1894.0128173828125,1894.0128173828125,0
149,2023-11-07 05:00:00,1894.1441650390625,1896.164794921875,1890.33447265625,1894.4022216796875,1894.4022216796875,0
150,2023-11-07 06:00:00,1894.7088623046875,1896.2335205078125,1891.475830078125,1894.5478515625,1894.5478515625,0
151,2023-11-07 07:00:00,1894.4454345703125,1895.6063232421875,1888.40478515625,1892.765869140625,1892.765869140625,88843264
152,2023-11-07 08:00:00,1892.75927734375,1895.317138671875,1888.5760498046875,1889.8792724609373,1889.8792724609373,81777152
153,2023-11-07 09:00:00,1889.29248046875,1889.29248046875,1877.6502685546875,1878.6859130859373,1878.6859130859373,145507840
154,2023-11-07 10:00:00,1876.0091552734373,1880.5155029296875,1868.7862548828125,1868.7862548828125,1868.7862548828125,289139712
155,2023-11-07 11:00:00,1869.7501220703125,1876.9932861328125,1869.7501220703125,1874.6217041015625,1874.6217041015625,88227840
156,2023-11-07 12:00:00,1873.78173828125,1880.04345703125,1868.4833984375,1877.8824462890625,1877.8824462890625,0
157,2023-11-07 13:00:00,1878.128662109375,1878.2615966796875,1868.4609375,1874.1094970703125,1874.1094970703125,0
158,2023-11-07 14:00:00,1874.1148681640625,1879.054931640625,1872.0279541015625,1879.024169921875,1879.024169921875,0
159,2023-11-07 15:00:00,1877.8067626953125,1878.2806396484373,1861.2835693359373,1862.8011474609373,1862.8011474609373,0
160,2023-11-07 16:00:00,1863.3291015625,1867.857421875,1857.5059814453125,1859.306396484375,1859.306396484375,0
161,2023-11-07 17:00:00,1858.60791015625,1873.479248046875,1852.7908935546875,1873.479248046875,1873.479248046875,110204928
162,2023-11-07 18:00:00,1873.5482177734373,1896.2452392578125,1873.5482177734373,1893.522216796875,1893.522216796875,499730944
163,2023-11-07 19:00:00,1894.3306884765625,1899.934814453125,1890.9842529296875,1895.93701171875,1895.93701171875,162530304
164,2023-11-07 20:00:00,1895.24267578125,1907.5614013671875,1893.0013427734373,1905.6707763671875,1905.6707763671875,188870656
165,2023-11-07 21:00:00,1902.977783203125,1902.977783203125,1894.4154052734373,1895.1224365234373,1895.1224365234373,0
166,2023-11-07 22:00:00,1893.49560546875,1893.49560546875,1875.3968505859373,1881.977294921875,1881.977294921875,208905216
167,2023-11-07 23:00:00,1881.047119140625,1888.5093994140625,1879.3427734375,1888.2994384765625,1888.2994384765625,0
168,2023-11-08 00:00:00,1887.1190185546875,1888.1427001953125,1881.644287109375,1887.5802001953125,1887.5802001953125,0
169,2023-11-08 01:00:00,1887.997314453125,1893.455322265625,1886.4385986328125,1890.0076904296875,1890.0076904296875,0
170,2023-11-08 02:00:00,1889.56396484375,1892.858642578125,1887.4669189453125,1888.1376953125,1888.1376953125,0
171,2023-11-08 03:00:00,1888.457763671875,1889.158935546875,1881.2662353515625,1882.1973876953125,1882.1973876953125,0
172,2023-11-08 04:00:00,1882.91259765625,1886.4642333984373,1881.263671875,1885.8216552734373,1885.8216552734373,0
173,2023-11-08 05:00:00,1886.021728515625,1886.6087646484373,1878.590087890625,1879.495361328125,1879.495361328125,0
174,2023-11-08 06:00:00,1879.5433349609373,1880.431396484375,1874.545654296875,1879.9595947265625,1879.9595947265625,12573696
175,2023-11-08 07:00:00,1879.4774169921875,1880.935302734375,1874.994140625,1875.449951171875,1875.449951171875,0
176,2023-11-08 08:00:00,1875.3994140625,1881.3468017578125,1874.86328125,1877.841796875,1877.841796875,0
177,2023-11-08 09:00:00,1878.2186279296875,1885.7889404296875,1878.2186279296875,1885.7889404296875,1885.7889404296875,0
178,2023-11-08 10:00:00,1885.3958740234373,1888.9071044921875,1884.0899658203125,1887.4473876953125,1887.4473876953125,0
179,2023-11-08 11:00:00,1886.6707763671875,1887.3729248046875,1882.32421875,1882.32421875,1882.32421875,0
180,2023-11-08 12:00:00,1882.03369140625,1887.943115234375,1881.9212646484373,1886.384521484375,1886.384521484375,0
181,2023-11-08 13:00:00,1886.0006103515625,1888.3963623046875,1882.4412841796875,1888.3963623046875,1888.3963623046875,0
182,2023-11-08 14:00:00,1889.1282958984373,1892.2481689453125,1884.0250244140625,1886.7279052734373,1886.7279052734373,0
183,2023-11-08 15:00:00,1887.2440185546875,1889.39599609375,1882.14111328125,1888.9173583984373,1888.9173583984373,0
184,2023-11-08 16:00:00,1889.4451904296875,1900.81884765625,1887.424560546875,1900.1478271484373,1900.1478271484373,43599360
185,2023-11-08 17:00:00,1899.478759765625,1900.0595703125,1890.5299072265625,1892.33056640625,1892.33056640625,0
186,2023-11-08 18:00:00,1892.82666015625,1903.4449462890625,1891.48291015625,1900.4627685546875,1900.4627685546875,0
187,2023-11-08 19:00:00,1900.59912109375,1903.3306884765625,1895.392822265625,1899.950439453125,1899.950439453125,0
188,2023-11-08 20:00:00,1899.5623779296875,1901.437255859375,1891.5018310546875,1896.0863037109373,1896.0863037109373,0
189,2023-11-08 21:00:00,1896.2025146484373,1904.5462646484373,1884.392578125,1888.427978515625,1888.427978515625,234114560
190,2023-11-08 22:00:00,1888.191162109375,1896.1357421875,1888.191162109375,1892.5091552734373,1892.5091552734373,0
191,2023-11-08 23:00:00,1891.417236328125,1896.0765380859373,1889.2845458984373,1890.9052734375,1890.9052734375,191635456
192,2023-11-09 00:00:00,1888.9403076171875,1903.1304931640625,1884.204345703125,1897.437255859375,1897.437255859375,212979712
193,2023-11-09 01:00:00,1897.3082275390625,1906.44921875,1892.8267822265625,1901.722412109375,1901.722412109375,216095744
194,2023-11-09 02:00:00,1901.851806640625,1924.721435546875,1900.0306396484373,1918.1400146484373,1918.1400146484373,745927168
195,2023-11-09 03:00:00,1918.0086669921875,1923.9913330078125,1912.313720703125,1919.8243408203125,1919.8243408203125,320220160
196,2023-11-09 04:00:00,1920.0755615234373,1927.9267578125,1917.6165771484373,1925.7086181640625,1925.7086181640625,304357888
197,2023-11-09 05:00:00,1924.631103515625,1924.631103515625,1916.6417236328125,1918.9754638671875,1918.9754638671875,136150016
198,2023-11-09 06:00:00,1918.8740234375,1929.083251953125,1918.8740234375,1927.9541015625,1927.9541015625,133761024
199,2023-11-09 07:00:00,1927.740234375,1928.637451171875,1911.4954833984373,1913.0743408203125,1913.0743408203125,642229248
200,2023-11-09 08:00:00,1912.5306396484373,1918.8935546875,1911.677490234375,1918.2275390625,1918.2275390625,137768960
201,2023-11-09 09:00:00,1917.13037109375,1918.08349609375,1911.0496826171875,1914.983642578125,1914.983642578125,200948736
202,2023-11-09 10:00:00,1916.3297119140625,1919.8807373046875,1911.22705078125,1913.8250732421875,1913.8250732421875,180618240
203,2023-11-09 11:00:00,1913.37255859375,1913.6080322265625,1905.953857421875,1913.6080322265625,1913.6080322265625,156163072
204,2023-11-09 12:00:00,1913.760009765625,1918.0887451171875,1912.3668212890625,1914.257568359375,1914.257568359375,205689856
205,2023-11-09 13:00:00,1913.5206298828125,1922.057861328125,1910.5601806640625,1921.45947265625,1921.45947265625,221822976
206,2023-11-09 14:00:00,1922.044189453125,1984.4776611328125,1922.044189453125,1984.4776611328125,1984.4776611328125,1765874688
207,2023-11-09 15:00:00,1988.8385009765625,2045.5159912109373,1987.6641845703125,2040.1177978515625,2040.1177978515625,4267044864
208,2023-11-09 16:00:00,2035.325927734375,2046.683837890625,1991.8387451171875,2017.5811767578125,2017.5811767578125,2682327040
209,2023-11-09 17:00:00,2017.9903564453125,2027.7242431640625,2005.2882080078125,2027.7242431640625,2027.7242431640625,857847808
210,2023-11-09 18:00:00,2025.8126220703125,2025.8126220703125,2002.98486328125,2003.0689697265625,2003.0689697265625,348352512
211,2023-11-09 19:00:00,1999.72607421875,2017.8897705078125,1998.28125,2017.8897705078125,2017.8897705078125,341008384
212,2023-11-09 20:00:00,2018.9847412109373,2036.061279296875,2012.544921875,2036.061279296875,2036.061279296875,485283840
213,2023-11-09 21:00:00,2036.027099609375,2080.83251953125,2033.180419921875,2061.900634765625,2061.900634765625,1110552576
214,2023-11-09 22:00:00,2060.46826171875,2107.68408203125,2060.46826171875,2095.62646484375,2095.62646484375,1202653184
215,2023-11-09 23:00:00,2095.636474609375,2130.88525390625,2088.36083984375,2121.23583984375,2121.23583984375,1081909248
216,2023-11-10 00:00:00,2121.0673828125,2127.61328125,2098.1806640625,2099.16162109375,2099.16162109375,586686464
217,2023-11-10 01:00:00,2099.33056640625,2115.28173828125,2098.387939453125,2110.34765625,2110.34765625,253229056
218,2023-11-10 02:00:00,2110.26318359375,2123.85205078125,2106.184814453125,2123.85205078125,2123.85205078125,0
219,2023-11-10 03:00:00,2124.272216796875,2126.1474609375,2111.886474609375,2120.950927734375,2120.950927734375,115048448
220,2023-11-10 04:00:00,2120.925537109375,2134.69140625,2112.63134765625,2132.71240234375,2132.71240234375,200316928
221,2023-11-10 05:00:00,2132.241943359375,2134.4951171875,2121.7333984375,2121.7333984375,2121.7333984375,221593600
222,2023-11-10 06:00:00,2123.180908203125,2123.997802734375,2107.498291015625,2108.06689453125,2108.06689453125,152764416
223,2023-11-10 07:00:00,2108.609619140625,2111.572021484375,2101.1455078125,2101.94287109375,2101.94287109375,0
224,2023-11-10 08:00:00,2101.89501953125,2103.756103515625,2086.54296875,2098.398193359375,2098.398193359375,335310848
225,2023-11-10 09:00:00,2098.147705078125,2103.533203125,2093.774658203125,2103.458251953125,2103.458251953125,0
226,2023-11-10 10:00:00,2103.0947265625,2103.0947265625,2085.86572265625,2089.4755859375,2089.4755859375,53364736
227,2023-11-10 11:00:00,2090.4658203125,2108.192138671875,2090.4658203125,2101.67041015625,2101.67041015625,547000320
228,2023-11-10 12:00:00,2097.06201171875,2098.53662109375,2073.375244140625,2086.719970703125,2086.719970703125,358729728
229,2023-11-10 13:00:00,2085.909912109375,2093.4111328125,2074.85205078125,2074.85205078125,2074.85205078125,199471104
230,2023-11-10 14:00:00,2076.096435546875,2084.3681640625,2068.13427734375,2077.0009765625,2077.0009765625,0
231,2023-11-10 15:00:00,2078.623046875,2095.1025390625,2078.623046875,2090.3505859375,2090.3505859375,0
232,2023-11-10 16:00:00,2090.337890625,2102.125,2090.26611328125,2096.44921875,2096.44921875,0
233,2023-11-10 17:00:00,2097.066650390625,2101.1435546875,2089.88330078125,2097.298828125,2097.298828125,0
234,2023-11-10 18:00:00,2096.949462890625,2103.5244140625,2093.051025390625,2094.532470703125,2094.532470703125,0
235,2023-11-10 19:00:00,2094.634521484375,2099.126708984375,2088.010009765625,2088.010009765625,2088.010009765625,0
236,2023-11-10 20:00:00,2088.559814453125,2090.0078125,2083.89306640625,2088.774658203125,2088.774658203125,0
237,2023-11-10 21:00:00,2088.151123046875,2099.6142578125,2087.62158203125,2092.888916015625,2092.888916015625,0
238,2023-11-10 22:00:00,2093.14013671875,2094.219482421875,2076.1181640625,2082.716552734375,2082.716552734375,0
239,2023-11-10 23:00:00,2083.11669921875,2093.0439453125,2077.4833984375,2079.182373046875,2079.182373046875,0
240,2023-11-11 00:00:00,2078.058349609375,2085.44677734375,2074.790283203125,2078.34326171875,2078.34326171875,0
241,2023-11-11 01:00:00,2077.867431640625,2079.47802734375,2044.9305419921875,2049.569580078125,2049.569580078125,345549824
242,2023-11-11 02:00:00,2049.586669921875,2054.5458984375,2035.8203125,2047.3306884765625,2047.3306884765625,181542912
243,2023-11-11 03:00:00,2047.7303466796875,2051.983154296875,2043.8873291015625,2047.58984375,2047.58984375,0
244,2023-11-11 04:00:00,2047.59423828125,2049.008056640625,2037.56884765625,2048.24267578125,2048.24267578125,0
245,2023-11-11 05:00:00,2048.16552734375,2058.13525390625,2047.341796875,2056.413818359375,2056.413818359375,0
246,2023-11-11 06:00:00,2056.2431640625,2060.335205078125,2052.21533203125,2057.3955078125,2057.3955078125,0
247,2023-11-11 07:00:00,2057.1279296875,2061.274169921875,2053.974853515625,2056.04296875,2056.04296875,0
248,2023-11-11 08:00:00,2055.79931640625,2057.372802734375,2050.746337890625,2051.043212890625,2051.043212890625,0
249,2023-11-11 09:00:00,2050.387939453125,2064.532958984375,2048.326904296875,2062.445556640625,2062.445556640625,0
250,2023-11-11 10:00:00,2062.4365234375,2064.998046875,2060.076171875,2062.4228515625,2062.4228515625,0
251,2023-11-11 11:00:00,2062.485595703125,2062.485595703125,2056.77783203125,2059.244140625,2059.244140625,0
252,2023-11-11 12:00:00,2059.27490234375,2063.43896484375,2056.3193359375,2060.582763671875,2060.582763671875,0
253,2023-11-11 13:00:00,2060.735107421875,2065.161376953125,2055.915771484375,2063.17822265625,2063.17822265625,0
254,2023-11-11 14:00:00,2063.3916015625,2087.457275390625,2063.3916015625,2083.90478515625,2083.90478515625,0
255,2023-11-11 15:00:00,2083.887939453125,2083.887939453125,2067.617919921875,2070.015625,2070.015625,0
256,2023-11-11 16:00:00,2069.601318359375,2089.530517578125,2069.601318359375,2089.056396484375,2089.056396484375,0
257,2023-11-11 17:00:00,2086.048828125,2086.677978515625,2070.295654296875,2070.295654296875,2070.295654296875,60148736
258,2023-11-11 18:00:00,2071.071533203125,2078.492431640625,2068.741943359375,2077.2861328125,2077.2861328125,0
259,2023-11-11 19:00:00,2077.32666015625,2079.8095703125,2075.305908203125,2076.4873046875,2076.4873046875,0
260,2023-11-11 20:00:00,2076.185546875,2076.185546875,2058.20068359375,2059.079833984375,2059.079833984375,0
261,2023-11-11 21:00:00,2058.4765625,2061.216796875,2042.7982177734373,2045.3206787109373,2045.3206787109373,35651584
262,2023-11-11 22:00:00,2045.218994140625,2046.487060546875,2035.0821533203125,2043.3773193359373,2043.3773193359373,70506496
263,2023-11-11 23:00:00,2044.4053955078125,2052.325927734375,2035.981689453125,2052.325927734375,2052.325927734375,0
264,2023-11-12 00:00:00,2053.11865234375,2054.292236328125,2019.028076171875,2031.92919921875,2031.92919921875,327362560
265,2023-11-12 01:00:00,2033.144287109375,2041.232666015625,2026.869384765625,2039.8885498046875,2039.8885498046875,0
266,2023-11-12 02:00:00,2039.81298828125,2044.1424560546875,2038.1107177734373,2042.0340576171875,2042.0340576171875,0
267,2023-11-12 03:00:00,2042.1243896484373,2051.75830078125,2039.8916015625,2051.694580078125,2051.694580078125,0
268,2023-11-12 04:00:00,2051.717041015625,2052.58251953125,2045.7635498046875,2049.528564453125,2049.528564453125,0
269,2023-11-12 05:00:00,2049.821044921875,2053.44873046875,2045.3455810546875,2053.44873046875,2053.44873046875,0
270,2023-11-12 06:00:00,2053.194091796875,2055.430419921875,2050.372802734375,2055.430419921875,2055.430419921875,45097984
271,2023-11-12 07:00:00,2054.740234375,2060.181396484375,2054.740234375,2058.63818359375,2058.63818359375,0
272,2023-11-12 08:00:00,2058.351806640625,2058.85107421875,2053.37548828125,2055.713623046875,2055.713623046875,0
273,2023-11-12 09:00:00,2055.97802734375,2056.61669921875,2047.5584716796875,2051.355224609375,2051.355224609375,0
274,2023-11-12 10:00:00,2051.306396484375,2053.891357421875,2047.5810546875,2049.1162109375,2049.1162109375,0
275,2023-11-12 11:00:00,2049.8369140625,2053.702880859375,2048.9521484375,2048.9521484375,2048.9521484375,0
276,2023-11-12 12:00:00,2048.12939453125,2048.38720703125,2038.0992431640625,2045.4503173828125,2045.4503173828125,36230144
277,2023-11-12 13:00:00,2045.4871826171875,2051.500244140625,2039.355224609375,2050.227294921875,2050.227294921875,49837056
278,2023-11-12 14:00:00,2049.597412109375,2057.385986328125,2049.597412109375,2056.94580078125,2056.94580078125,0
279,2023-11-12 15:00:00,2057.16064453125,2064.212158203125,2049.564697265625,2058.5537109375,2058.5537109375,0
280,2023-11-12 16:00:00,2058.3369140625,2060.302978515625,2051.48828125,2052.0283203125,2052.0283203125,0
281,2023-11-12 17:00:00,2051.7041015625,2052.957275390625,2048.681640625,2051.188720703125,2051.188720703125,0
282,2023-11-12 18:00:00,2051.278076171875,2056.55029296875,2046.172607421875,2052.975341796875,2052.975341796875,0
283,2023-11-12 19:00:00,2052.79833984375,2053.81005859375,2046.3643798828125,2049.383056640625,2049.383056640625,0
284,2023-11-12 20:00:00,2049.37939453125,2054.180908203125,2046.0621337890625,2052.767333984375,2052.767333984375,0
285,2023-11-12 21:00:00,2052.944580078125,2066.00341796875,2052.944580078125,2060.1083984375,2060.1083984375,0
286,2023-11-12 22:00:00,2059.962646484375,2060.878173828125,2055.53173828125,2060.65185546875,2060.65185546875,0
287,2023-11-12 23:00:00,2061.0185546875,2064.1904296875,2036.098876953125,2044.4169921875,2044.4169921875,312716288
288,2023-11-13 00:00:00,2045.3544921875,2056.25244140625,2037.477294921875,2055.862548828125,2055.862548828125,0
289,2023-11-13 01:00:00,2056.198974609375,2073.75927734375,2056.030029296875,2063.5458984375,2063.5458984375,151198208
290,2023-11-13 02:00:00,2063.7529296875,2073.445556640625,2058.598388671875,2062.930908203125,2062.930908203125,194850304
291,2023-11-13 03:00:00,2065.889892578125,2065.889892578125,2039.6153564453125,2039.6153564453125,2039.6153564453125,349522432
292,2023-11-13 04:00:00,2040.7991943359373,2046.161865234375,2039.7633056640625,2043.367431640625,2043.367431640625,183980544
293,2023-11-13 05:00:00,2043.106201171875,2043.106201171875,2032.5303955078125,2041.303466796875,2041.303466796875,168040448
294,2023-11-13 06:00:00,2041.8111572265625,2041.8111572265625,2031.9542236328125,2038.8267822265625,2038.8267822265625,63784960
295,2023-11-13 07:00:00,2041.3277587890625,2055.557861328125,2039.8126220703125,2049.903076171875,2049.903076171875,481693696
296,2023-11-13 08:00:00,2049.654052734375,2061.107421875,2049.41845703125,2059.478271484375,2059.478271484375,161974272
297,2023-11-13 09:00:00,2058.56884765625,2059.440185546875,2053.4111328125,2056.775634765625,2056.775634765625,18108416
298,2023-11-13 10:00:00,2056.51953125,2058.7119140625,2050.712646484375,2058.098388671875,2058.098388671875,56422400
299,2023-11-13 11:00:00,2058.20849609375,2058.20849609375,2042.16845703125,2048.380615234375,2048.380615234375,202874880
300,2023-11-13 12:00:00,2048.1337890625,2055.941162109375,2040.9248046875,2055.941162109375,2055.941162109375,79076352
301,2023-11-13 13:00:00,2055.6416015625,2056.1259765625,2046.2979736328125,2050.219482421875,2050.219482421875,48059392
302,2023-11-13 14:00:00,2050.470947265625,2079.285888671875,2046.6248779296875,2079.285888671875,2079.285888671875,778721280
303,2023-11-13 15:00:00,2077.73486328125,2106.03515625,2077.566650390625,2105.248291015625,2105.248291015625,1272325120
304,2023-11-13 16:00:00,2106.228515625,2116.0107421875,2084.930419921875,2088.072509765625,2088.072509765625,860100608
305,2023-11-13 17:00:00,2087.77783203125,2087.77783203125,2070.8955078125,2082.286376953125,2082.286376953125,501692416
306,2023-11-13 18:00:00,2081.084716796875,2093.216796875,2076.15234375,2092.288330078125,2092.288330078125,128220160
307,2023-11-13 19:00:00,2093.050537109375,2101.22314453125,2091.1484375,2100.84228515625,2100.84228515625,122057728
308,2023-11-13 20:00:00,2100.93310546875,2102.9052734375,2088.194580078125,2088.194580078125,2088.194580078125,181488640
309,2023-11-13 21:00:00,2087.19921875,2087.19921875,2051.995849609375,2062.515869140625,2062.515869140625,782724096
310,2023-11-13 22:00:00,2060.93115234375,2071.08447265625,2058.424560546875,2059.412109375,2059.412109375,164136960
311,2023-11-13 23:00:00,2058.99609375,2069.568603515625,2057.390625,2057.390625,2057.390625,0
312,2023-11-14 00:00:00,2054.765380859375,2056.603759765625,2033.3233642578125,2033.3233642578125,2033.3233642578125,230959104
313,2023-11-14 01:00:00,2033.6751708984373,2049.868408203125,2033.6751708984373,2043.74853515625,2043.74853515625,0
314,2023-11-14 02:00:00,2043.390380859375,2056.205078125,2043.3382568359373,2053.345703125,2053.345703125,0
315,2023-11-14 03:00:00,2053.507080078125,2058.590576171875,2053.022705078125,2056.53369140625,2056.53369140625,0
316,2023-11-14 04:00:00,2056.5341796875,2057.3935546875,2048.831298828125,2054.53564453125,2054.53564453125,0
317,2023-11-14 05:00:00,2055.4794921875,2063.849365234375,2055.4794921875,2063.45458984375,2063.45458984375,0
318,2023-11-14 06:00:00,2063.448974609375,2064.582763671875,2056.986572265625,2058.327392578125,2058.327392578125,0
319,2023-11-14 07:00:00,2058.319580078125,2061.939208984375,2057.369873046875,2061.475830078125,2061.475830078125,0
320,2023-11-14 08:00:00,2061.603271484375,2065.06689453125,2058.68603515625,2062.518798828125,2062.518798828125,0
321,2023-11-14 09:00:00,2063.03857421875,2063.27490234375,2049.1845703125,2049.4990234375,2049.4990234375,17197056
322,2023-11-14 10:00:00,2048.46875,2050.467529296875,2041.3944091796875,2047.8997802734373,2047.8997802734373,120482816
323,2023-11-14 11:00:00,2047.376953125,2047.376953125,2032.2899169921875,2033.9521484375,2033.9521484375,87530496
324,2023-11-14 12:00:00,2033.0782470703125,2035.9178466796875,2027.278076171875,2029.9571533203125,2029.9571533203125,130181120
325,2023-11-14 13:00:00,2031.9222412109373,2051.46875,2031.9222412109373,2044.178955078125,2044.178955078125,395141120
326,2023-11-14 14:00:00,2043.93310546875,2054.148193359375,2040.193115234375,2050.421142578125,2050.421142578125,0
327,2023-11-14 15:00:00,2051.4462890625,2051.896484375,2026.0220947265625,2036.958740234375,2036.958740234375,0
328,2023-11-14 16:00:00,2038.2230224609373,2052.3603515625,2038.2230224609373,2045.2587890625,2045.2587890625,0
329,2023-11-14 17:00:00,2045.275634765625,2046.2694091796875,2025.6099853515625,2025.6099853515625,2025.6099853515625,0
330,2023-11-14 18:00:00,2025.221435546875,2025.6082763671875,1939.2803955078125,1967.683837890625,1967.683837890625,1245333504
331,2023-11-14 19:00:00,1966.4912109375,1985.431884765625,1964.903564453125,1977.2471923828125,1977.2471923828125,994684928
332,2023-11-14 20:00:00,1978.31298828125,1994.4332275390625,1975.919677734375,1977.5416259765625,1977.5416259765625,283272192
333,2023-11-14 21:00:00,1976.596923828125,1982.9686279296875,1970.2030029296875,1982.9686279296875,1982.9686279296875,0
334,2023-11-14 22:00:00,1982.0469970703125,1987.650634765625,1980.5616455078125,1986.5447998046875,1986.5447998046875,0
335,2023-11-14 23:00:00,1987.0198974609373,1988.0234375,1978.36474609375,1978.72900390625,1978.72900390625,0
336,2023-11-15 00:00:00,1979.47265625,1991.13525390625,1979.4552001953125,1982.9949951171875,1982.9949951171875,0
337,2023-11-15 01:00:00,1982.4324951171875,1987.7886962890625,1972.9869384765625,1974.848876953125,1974.848876953125,35528704
338,2023-11-15 02:00:00,1975.0594482421875,1977.5758056640625,1968.774658203125,1972.8411865234373,1972.8411865234373,147419136
339,2023-11-15 03:00:00,1973.55908203125,1976.1588134765625,1969.941650390625,1969.941650390625,1969.941650390625,92986368
340,2023-11-15 04:00:00,1968.8077392578125,1980.8323974609373,1968.8077392578125,1980.8323974609373,1980.8323974609373,0
341,2023-11-15 05:00:00,1981.0068359375,1986.553466796875,1980.8404541015625,1986.0084228515625,1986.0084228515625,18932736
342,2023-11-15 06:00:00,1985.287353515625,1985.287353515625,1980.0999755859373,1981.455322265625,1981.455322265625,507173888
343,2023-11-15 07:00:00,1980.4527587890625,1987.5570068359373,1980.4527587890625,1983.311279296875,1983.311279296875,227058688
344,2023-11-15 08:00:00,1983.7593994140625,1991.6446533203125,1983.1317138671875,1991.4139404296875,1991.4139404296875,414255104
345,2023-11-15 09:00:00,1991.0150146484373,1995.8380126953125,1985.941162109375,1987.00537109375,1987.00537109375,65180672
346,2023-11-15 10:00:00,1986.9970703125,1989.7996826171875,1984.3565673828125,1989.7996826171875,1989.7996826171875,0
347,2023-11-15 11:00:00,1990.031494140625,2014.1795654296875,1990.031494140625,2013.5775146484373,2013.5775146484373,85777408
348,2023-11-15 12:00:00,2013.3946533203125,2021.2977294921875,2010.3792724609373,2016.40087890625,2016.40087890625,71318528
349,2023-11-15 13:00:00,2015.610595703125,2020.049072265625,2006.800048828125,2014.1776123046875,2014.1776123046875,0
350,2023-11-15 14:00:00,2013.867431640625,2021.1729736328125,2008.860595703125,2009.7354736328125,2009.7354736328125,0
351,2023-11-15 15:00:00,2009.7230224609373,2020.8232421875,2009.7230224609373,2020.8232421875,2020.8232421875,0
352,2023-11-15 16:00:00,2021.4630126953125,2023.848876953125,2011.5205078125,2013.3133544921875,2013.3133544921875,0
353,2023-11-15 17:00:00,2014.5003662109373,2015.950927734375,2004.8533935546875,2013.0906982421875,2013.0906982421875,52310016
354,2023-11-15 18:00:00,2014.2403564453125,2044.7855224609373,2011.534423828125,2039.4244384765625,2039.4244384765625,0
355,2023-11-15 19:00:00,2039.4290771484373,2049.40869140625,2031.52197265625,2048.281982421875,2048.281982421875,0
356,2023-11-15 20:00:00,2051.37451171875,2061.99169921875,2044.0921630859373,2046.43212890625,2046.43212890625,156699648
357,2023-11-15 21:00:00,2045.2889404296875,2049.476806640625,2037.739501953125,2048.13427734375,2048.13427734375,0
358,2023-11-15 22:00:00,2048.167236328125,2059.763671875,2044.42822265625,2052.905517578125,2052.905517578125,33900544
359,2023-11-15 23:00:00,2053.54638671875,2061.616455078125,2048.338134765625,2060.803466796875,2060.803466796875,88330240
360,2023-11-16 00:00:00,2059.9658203125,2078.831298828125,2053.58154296875,2076.87744140625,2076.87744140625,230081536
361,2023-11-16 01:00:00,2077.099853515625,2080.072021484375,2062.2958984375,2063.70361328125,2063.70361328125,14645248
362,2023-11-16 02:00:00,2062.386474609375,2063.0283203125,2056.272705078125,2056.9619140625,2056.9619140625,47915008
363,2023-11-16 03:00:00,2056.7529296875,2057.925537109375,2052.416748046875,2053.847900390625,2053.847900390625,0
364,2023-11-16 04:00:00,2053.858154296875,2056.529296875,2049.264892578125,2055.977783203125,2055.977783203125,0
365,2023-11-16 05:00:00,2055.89697265625,2059.08642578125,2050.5126953125,2059.08642578125,2059.08642578125,0
366,2023-11-16 06:00:00,2058.69921875,2061.8232421875,2055.50244140625,2061.8232421875,2061.8232421875,0
367,2023-11-16 07:00:00,2062.285400390625,2065.035400390625,2054.87451171875,2055.470458984375,2055.470458984375,0
368,2023-11-16 08:00:00,2054.17578125,2054.85400390625,2041.6402587890625,2042.961181640625,2042.961181640625,0
369,2023-11-16 09:00:00,2042.7476806640625,2046.521240234375,2038.4217529296875,2044.169921875,2044.169921875,0
370,2023-11-16 10:00:00,2043.6165771484373,2045.60986328125,2039.3509521484373,2039.3509521484373,2039.3509521484373,0
371,2023-11-16 11:00:00,2039.31103515625,2088.662353515625,2039.31103515625,2067.998046875,2067.998046875,819590144
372,2023-11-16 12:00:00,2069.482421875,2069.482421875,2045.7802734375,2048.424560546875,2048.424560546875,240837632
373,2023-11-16 13:00:00,2048.906494140625,2051.91064453125,2025.7398681640625,2034.79931640625,2034.79931640625,375738368
374,2023-11-16 14:00:00,2035.5899658203125,2039.331787109375,2013.513916015625,2030.1805419921875,2030.1805419921875,391803904
375,2023-11-16 15:00:00,2028.835693359375,2034.72607421875,1990.3502197265625,1998.4864501953125,1998.4864501953125,669757440
376,2023-11-16 16:00:00,1996.5302734375,2011.29638671875,1996.5302734375,2009.6922607421875,2009.6922607421875,220998656
377,2023-11-16 17:00:00,2009.0120849609373,2013.4349365234373,1997.096923828125,1997.096923828125,1997.096923828125,0
378,2023-11-16 18:00:00,1997.132080078125,1999.113037109375,1973.3179931640625,1983.33642578125,1983.33642578125,0
379,2023-11-16 19:00:00,1982.9521484375,1983.741943359375,1940.57421875,1965.9073486328125,1965.9073486328125,490002432
380,2023-11-16 20:00:00,1965.020751953125,1968.71826171875,1946.85400390625,1958.259521484375,1958.259521484375,0
381,2023-11-16 21:00:00,1956.6719970703125,1961.7874755859373,1949.6898193359373,1958.17724609375,1958.17724609375,0
382,2023-11-16 22:00:00,1956.6375732421875,1970.6041259765625,1954.356689453125,1969.9881591796875,1969.9881591796875,0
383,2023-11-16 23:00:00,1968.2928466796875,1968.2928466796875,1954.2646484375,1960.1190185546875,1960.1190185546875,116109312
384,2023-11-17 00:00:00,1961.8675537109373,1979.7647705078125,1960.405517578125,1979.7647705078125,1979.7647705078125,0
385,2023-11-17 01:00:00,1979.440185546875,1985.62109375,1975.6783447265625,1984.2017822265625,1984.2017822265625,0
386,2023-11-17 02:00:00,1985.920166015625,1990.050537109375,1981.724609375,1985.7926025390625,1985.7926025390625,50042880
387,2023-11-17 03:00:00,1986.6480712890625,1986.7813720703125,1978.5670166015625,1985.4993896484373,1985.4993896484373,0
388,2023-11-17 04:00:00,1984.75146484375,1987.467529296875,1981.7392578125,1981.7392578125,1981.7392578125,29710336
389,2023-11-17 05:00:00,1982.14599609375,1984.106689453125,1975.737548828125,1977.547607421875,1977.547607421875,131119104
390,2023-11-17 06:00:00,1977.85205078125,1987.48828125,1976.2191162109373,1984.3663330078125,1984.3663330078125,11912192
391,2023-11-17 07:00:00,1984.78662109375,1984.78662109375,1968.6441650390625,1969.9755859375,1969.9755859375,64495616
392,2023-11-17 08:00:00,1970.1368408203125,1979.2764892578125,1968.890869140625,1977.3729248046875,1977.3729248046875,0
393,2023-11-17 09:00:00,1978.2650146484373,1981.685302734375,1970.5845947265625,1972.099853515625,1972.099853515625,0
394,2023-11-17 10:00:00,1973.4080810546875,1974.1744384765625,1956.5531005859373,1964.5086669921875,1964.5086669921875,298912768
395,2023-11-17 11:00:00,1964.908447265625,1969.9111328125,1961.8258056640625,1966.635498046875,1966.635498046875,0
396,2023-11-17 12:00:00,1966.5040283203125,1966.5040283203125,1952.00146484375,1963.9759521484373,1963.9759521484373,0
397,2023-11-17 13:00:00,1965.1060791015625,1969.9246826171875,1951.3685302734373,1953.7193603515625,1953.7193603515625,0
398,2023-11-17 14:00:00,1953.212890625,1957.20947265625,1927.401123046875,1932.3681640625,1932.3681640625,5089280
399,2023-11-17 15:00:00,1932.802734375,1940.09521484375,1913.6015625,1915.98291015625,1915.98291015625,0
400,2023-11-17 16:00:00,1917.327392578125,1927.338623046875,1910.4454345703125,1915.092041015625,1915.092041015625,163578880
401,2023-11-17 17:00:00,1915.6866455078125,1944.6075439453125,1914.9468994140625,1943.072021484375,1943.072021484375,673841152
402,2023-11-17 18:00:00,1943.4425048828125,1947.1654052734373,1939.763916015625,1946.3258056640625,1946.3258056640625,0
403,2023-11-17 19:00:00,1946.0660400390625,1948.6195068359373,1938.260498046875,1939.405029296875,1939.405029296875,0
404,2023-11-17 20:00:00,1938.8826904296875,1950.3580322265625,1938.3748779296875,1944.396484375,1944.396484375,229683200
405,2023-11-17 21:00:00,1944.109619140625,1946.6201171875,1940.6282958984373,1946.6201171875,1946.6201171875,0
406,2023-11-17 22:00:00,1946.523681640625,1963.3162841796875,1946.523681640625,1962.0296630859373,1962.0296630859373,156835840
407,2023-11-17 23:00:00,1962.75439453125,1966.8157958984373,1954.0135498046875,1959.08349609375,1959.08349609375,0
408,2023-11-18 00:00:00,1961.6712646484373,1962.01220703125,1953.427978515625,1955.6175537109373,1955.6175537109373,0
409,2023-11-18 01:00:00,1954.97998046875,1957.892822265625,1950.5701904296875,1950.9447021484373,1950.9447021484373,0
410,2023-11-18 02:00:00,1950.56396484375,1955.8873291015625,1950.56396484375,1950.8646240234373,1950.8646240234373,0
411,2023-11-18 03:00:00,1950.1337890625,1950.64990234375,1941.6798095703125,1941.6798095703125,1941.6798095703125,45072384
412,2023-11-18 04:00:00,1941.8104248046875,1945.720703125,1939.4256591796875,1939.4256591796875,1939.4256591796875,112349184
413,2023-11-18 05:00:00,1939.321533203125,1939.321533203125,1931.13232421875,1933.0645751953125,1933.0645751953125,0
414,2023-11-18 06:00:00,1932.5537109375,1937.159423828125,1927.7540283203125,1927.7540283203125,1927.7540283203125,74704896
415,2023-11-18 07:00:00,1927.5472412109373,1936.13134765625,1921.0623779296875,1935.5323486328125,1935.5323486328125,143875072
416,2023-11-18 08:00:00,1936.0845947265625,1942.191650390625,1932.1392822265625,1939.586181640625,1939.586181640625,0
417,2023-11-18 09:00:00,1939.36328125,1945.2193603515625,1939.2359619140625,1941.3212890625,1941.3212890625,0
418,2023-11-18 10:00:00,1941.0191650390625,1945.167724609375,1940.6300048828125,1945.167724609375,1945.167724609375,0
419,2023-11-18 11:00:00,1945.19384765625,1945.19384765625,1936.9580078125,1936.9580078125,1936.9580078125,0
420,2023-11-18 12:00:00,1935.746337890625,1942.3414306640625,1934.015869140625,1941.7177734375,1941.7177734375,0
421,2023-11-18 13:00:00,1940.989013671875,1942.6390380859373,1933.003173828125,1937.185791015625,1937.185791015625,0
422,2023-11-18 14:00:00,1937.427734375,1944.4735107421875,1936.935302734375,1941.7711181640625,1941.7711181640625,0
423,2023-11-18 15:00:00,1941.035888671875,1954.839111328125,1941.035888671875,1953.978759765625,1953.978759765625,0
424,2023-11-18 16:00:00,1953.431396484375,1965.4146728515625,1953.431396484375,1964.470947265625,1964.470947265625,0
425,2023-11-18 17:00:00,1964.8082275390625,1971.4622802734373,1961.073974609375,1966.1370849609373,1966.1370849609373,0
426,2023-11-18 18:00:00,1966.0450439453125,1970.024169921875,1960.031982421875,1968.942138671875,1968.942138671875,0
427,2023-11-18 19:00:00,1968.673095703125,1971.1800537109373,1963.2672119140625,1964.18603515625,1964.18603515625,0
428,2023-11-18 20:00:00,1964.8729248046875,1967.430419921875,1960.94921875,1965.2222900390625,1965.2222900390625,0
429,2023-11-18 21:00:00,1964.9437255859373,1965.899658203125,1960.471435546875,1961.785888671875,1961.785888671875,0
430,2023-11-18 22:00:00,1961.2081298828125,1961.992919921875,1952.6226806640625,1957.814453125,1957.814453125,0
431,2023-11-18 23:00:00,1958.09521484375,1963.8258056640625,1957.5455322265625,1962.452880859375,1962.452880859375,0
432,2023-11-19 00:00:00,1963.1800537109373,1963.265380859375,1955.22265625,1955.22265625,1955.22265625,0
433,2023-11-19 01:00:00,1954.0272216796875,1955.0460205078125,1945.8824462890625,1952.2518310546875,1952.2518310546875,61400064
434,2023-11-19 02:00:00,1952.0673828125,1953.073974609375,1944.90087890625,1950.2720947265625,1950.2720947265625,27413504
435,2023-11-19 03:00:00,1950.0404052734373,1956.8062744140625,1947.0391845703125,1956.8062744140625,1956.8062744140625,134390272
436,2023-11-19 04:00:00,1957.380126953125,1958.4580078125,1954.741455078125,1957.767333984375,1957.767333984375,0
437,2023-11-19 05:00:00,1957.8751220703125,1963.3853759765625,1957.77880859375,1958.238037109375,1958.238037109375,0
438,2023-11-19 06:00:00,1958.1473388671875,1966.96875,1958.1473388671875,1963.7330322265625,1963.7330322265625,0
439,2023-11-19 07:00:00,1963.4761962890625,1966.0211181640625,1962.2772216796875,1962.7010498046875,1962.7010498046875,0
440,2023-11-19 08:00:00,1962.8128662109373,1967.171630859375,1959.6129150390625,1959.658447265625,1959.658447265625,0
441,2023-11-19 09:00:00,1959.7481689453125,1965.715087890625,1958.6075439453125,1963.8128662109373,1963.8128662109373,0
442,2023-11-19 10:00:00,1963.9298095703125,1964.1041259765625,1959.3792724609373,1960.7891845703125,1960.7891845703125,0
443,2023-11-19 11:00:00,1959.828857421875,1959.828857421875,1948.197509765625,1951.79248046875,1951.79248046875,77569024
444,2023-11-19 12:00:00,1952.632568359375,1954.2293701171875,1946.8438720703125,1953.927978515625,1953.927978515625,13382144
445,2023-11-19 13:00:00,1954.1734619140625,1955.9661865234373,1952.2501220703125,1954.156982421875,1954.156982421875,0
446,2023-11-19 14:00:00,1953.9378662109373,1956.3988037109373,1948.848388671875,1953.874267578125,1953.874267578125,0
447,2023-11-19 15:00:00,1953.738525390625,1969.5211181640625,1950.97705078125,1966.2305908203125,1966.2305908203125,0
448,2023-11-19 16:00:00,1967.4844970703125,1976.0078125,1967.4844970703125,1969.512451171875,1969.512451171875,0
449,2023-11-19 17:00:00,1969.5225830078125,1979.993896484375,1969.5225830078125,1972.354248046875,1972.354248046875,0
450,2023-11-19 18:00:00,1974.49169921875,1982.39013671875,1973.0672607421875,1979.4908447265625,1979.4908447265625,37566976
451,2023-11-19 19:00:00,1979.7919921875,1985.8843994140625,1975.7628173828125,1985.8162841796875,1985.8162841796875,43979776
452,2023-11-19 20:00:00,1984.851318359375,1988.619873046875,1977.858642578125,1985.6429443359373,1985.6429443359373,162918400
453,2023-11-19 21:00:00,1985.7431640625,1987.428955078125,1981.05126953125,1984.052001953125,1984.052001953125,90503680
454,2023-11-19 22:00:00,1983.4783935546875,1985.2755126953125,1977.202880859375,1980.45556640625,1980.45556640625,0
455,2023-11-19 23:00:00,1981.2774658203125,2015.6339111328125,1981.2774658203125,2012.0928955078125,2012.0928955078125,846190080
456,2023-11-20 00:00:00,2011.8533935546875,2012.720947265625,1997.229736328125,2007.5467529296875,2007.5467529296875,239596032
457,2023-11-20 01:00:00,2007.0849609375,2007.5469970703125,2002.97265625,2006.5540771484373,2006.5540771484373,1403392
458,2023-11-20 02:00:00,2006.8104248046875,2010.3809814453125,2001.3743896484373,2010.3809814453125,2010.3809814453125,47207424
459,2023-11-20 03:00:00,2010.161376953125,2010.6583251953125,1997.67041015625,2000.759521484375,2000.759521484375,0
460,2023-11-20 04:00:00,2000.9202880859373,2004.6636962890625,1998.7269287109373,2004.6636962890625,2004.6636962890625,0
461,2023-11-20 05:00:00,2004.671142578125,2005.136474609375,1996.0443115234373,1999.8502197265625,1999.8502197265625,27793920
462,2023-11-20 06:00:00,2000.179443359375,2007.7672119140625,1998.909423828125,2007.7672119140625,2007.7672119140625,56329216
463,2023-11-20 07:00:00,2007.8189697265625,2019.515380859375,2001.8125,2019.515380859375,2019.515380859375,183609856
464,2023-11-20 08:00:00,2020.054443359375,2021.9039306640625,2012.570068359375,2017.269287109375,2017.269287109375,438966784
465,2023-11-20 09:00:00,2018.2147216796875,2038.1650390625,2016.37548828125,2037.712646484375,2037.712646484375,424090112
466,2023-11-20 10:00:00,2037.696533203125,2040.81005859375,2032.851318359375,2037.4375,2037.4375,361483264
467,2023-11-20 11:00:00,2038.1553955078125,2041.53662109375,2022.8084716796875,2026.482421875,2026.482421875,245097472
468,2023-11-20 12:00:00,2026.0234375,2026.0234375,2017.9913330078125,2019.7857666015625,2019.7857666015625,143070208
469,2023-11-20 13:00:00,2020.1903076171875,2026.7252197265625,2016.79248046875,2018.5274658203125,2018.5274658203125,234396672
470,2023-11-20 14:00:00,2017.9337158203125,2040.1572265625,2004.1761474609373,2040.1572265625,2040.1572265625,826130432
471,2023-11-20 15:00:00,2040.2105712890625,2047.8636474609373,2031.6429443359373,2042.612548828125,2042.612548828125,507316224
472,2023-11-20 16:00:00,2043.18505859375,2052.193115234375,2020.6011962890625,2021.7635498046875,2021.7635498046875,292026368
473,2023-11-20 17:00:00,2021.1248779296875,2066.409912109375,2014.4173583984373,2058.234619140625,2058.234619140625,1014623232
474,2023-11-20 18:00:00,2058.482177734375,2061.987060546875,2033.53515625,2044.593505859375,2044.593505859375,549480448
475,2023-11-20 19:00:00,2045.9510498046875,2049.24560546875,2037.408447265625,2039.2537841796875,2039.2537841796875,173772800
476,2023-11-20 20:00:00,2038.345458984375,2040.379150390625,2031.7032470703125,2034.2841796875,2034.2841796875,0
477,2023-11-20 21:00:00,2036.28662109375,2036.28662109375,2017.3502197265625,2024.857177734375,2024.857177734375,226689024
478,2023-11-20 22:00:00,2024.8253173828125,2033.6724853515625,2018.9150390625,2024.1834716796875,2024.1834716796875,147951616
479,2023-11-20 23:00:00,2025.33740234375,2030.90576171875,2021.9844970703125,2022.617919921875,2022.617919921875,0
480,2023-11-21 00:00:00,2022.21728515625,2030.0206298828125,2019.1240234375,2023.6678466796875,2023.6678466796875,0
481,2023-11-21 01:00:00,2024.7412109375,2035.035888671875,2022.2098388671875,2033.194580078125,2033.194580078125,41122816
482,2023-11-21 02:00:00,2033.3455810546875,2033.3455810546875,2010.4696044921875,2010.9141845703125,2010.9141845703125,141220864
483,2023-11-21 03:00:00,2011.9893798828125,2020.662353515625,2011.81005859375,2019.58984375,2019.58984375,17874944
484,2023-11-21 04:00:00,2019.83837890625,2019.8450927734373,2014.3858642578125,2015.3973388671875,2015.3973388671875,0
485,2023-11-21 05:00:00,2015.7884521484373,2018.036865234375,2011.5919189453125,2015.419921875,2015.419921875,7083008
486,2023-11-21 06:00:00,2014.63427734375,2019.017333984375,2012.907958984375,2015.6048583984373,2015.6048583984373,0
487,2023-11-21 07:00:00,2015.1575927734373,2015.224609375,2004.619384765625,2004.619384765625,2004.619384765625,0
488,2023-11-21 08:00:00,2004.572509765625,2012.5047607421875,2004.5294189453125,2012.5047607421875,2012.5047607421875,0
489,2023-11-21 09:00:00,2012.7557373046875,2015.180419921875,2009.87548828125,2009.9638671875,2009.9638671875,0
490,2023-11-21 10:00:00,2008.7423095703125,2017.0697021484373,2008.360595703125,2014.2337646484373,2014.2337646484373,0
491,2023-11-21 11:00:00,2014.2547607421875,2015.7906494140625,2003.5946044921875,2004.468505859375,2004.468505859375,0
492,2023-11-21 12:00:00,2004.515380859375,2012.1773681640625,2003.97021484375,2011.8131103515625,2011.8131103515625,0
493,2023-11-21 13:00:00,2012.015625,2014.8538818359373,2003.58935546875,2005.0035400390625,2005.0035400390625,0
494,2023-11-21 14:00:00,2004.964599609375,2004.964599609375,1984.905029296875,1986.6749267578125,1986.6749267578125,0
495,2023-11-21 15:00:00,1988.2991943359373,1998.2325439453125,1955.021728515625,1989.6817626953125,1989.6817626953125,1084198912
496,2023-11-21 16:00:00,1989.20166015625,2014.002197265625,1981.1060791015625,2005.1094970703125,2005.1094970703125,283783168
497,2023-11-21 17:00:00,2005.5982666015625,2016.650146484375,1967.65966796875,1976.152587890625,1976.152587890625,0
498,2023-11-21 18:00:00,1976.5294189453125,1980.050537109375,1963.0926513671875,1975.6875,1975.6875,0
499,2023-11-21 19:00:00,1975.1756591796875,1996.5643310546875,1970.427490234375,1986.59765625,1986.59765625,81794048
500,2023-11-21 20:00:00,1985.8944091796875,2005.488037109375,1972.9913330078125,1993.897705078125,1993.897705078125,349495296
501,2023-11-21 21:00:00,1992.010498046875,1997.290283203125,1984.4737548828125,1986.6082763671875,1986.6082763671875,0
502,2023-11-21 22:00:00,1986.2816162109373,1986.8031005859373,1941.974609375,1942.48779296875,1942.48779296875,296143872
503,2023-11-21 23:00:00,1942.8153076171875,1952.5712890625,1938.5164794921875,1938.5164794921875,1938.5164794921875,544703488
504,2023-11-22 00:00:00,1933.5831298828125,1955.4423828125,1933.1629638671875,1955.4383544921875,1955.4383544921875,359846912
505,2023-11-22 01:00:00,1955.70947265625,1966.1597900390625,1955.4957275390625,1964.45458984375,1964.45458984375,110209024
506,2023-11-22 02:00:00,1963.891357421875,1974.675537109375,1961.622314453125,1974.675537109375,1974.675537109375,0
507,2023-11-22 03:00:00,1974.1064453125,1979.0023193359373,1970.7779541015625,1979.0023193359373,1979.0023193359373,118787072
508,2023-11-22 04:00:00,1978.60498046875,1988.2774658203125,1978.000732421875,1987.822509765625,1987.822509765625,223286272
509,2023-11-22 05:00:00,1987.3641357421875,1991.06494140625,1983.7852783203125,1984.2353515625,1984.2353515625,79590400
510,2023-11-22 06:00:00,1984.7908935546875,1996.5836181640625,1984.7908935546875,1995.6318359375,1995.6318359375,186507264
511,2023-11-22 07:00:00,1994.903564453125,2001.197265625,1992.796142578125,1994.5322265625,1994.5322265625,42673152
512,2023-11-22 08:00:00,1994.1458740234373,2004.2642822265625,1993.7578125,2003.77734375,2003.77734375,68526080
513,2023-11-22 09:00:00,2003.675048828125,2009.9326171875,2003.4171142578125,2008.94189453125,2008.94189453125,138295296
514,2023-11-22 10:00:00,2010.2725830078125,2029.078857421875,2004.5286865234373,2026.3665771484373,2026.3665771484373,352120832
515,2023-11-22 11:00:00,2026.0770263671875,2026.7486572265625,2015.731201171875,2015.731201171875,2015.731201171875,239099904
516,2023-11-22 12:00:00,2016.1170654296875,2024.2843017578125,2011.9683837890625,2022.4925537109373,2022.4925537109373,188954624
517,2023-11-22 13:00:00,2022.853271484375,2035.608642578125,2017.6187744140625,2033.4678955078125,2033.4678955078125,432876544
518,2023-11-22 14:00:00,2031.5252685546875,2034.0667724609373,2018.906494140625,2024.6285400390625,2024.6285400390625,0
519,2023-11-22 15:00:00,2024.547119140625,2033.9974365234373,2017.037109375,2032.7781982421875,2032.7781982421875,0
520,2023-11-22 16:00:00,2034.3712158203125,2050.734619140625,2029.514404296875,2032.5706787109373,2032.5706787109373,0
521,2023-11-22 17:00:00,2033.001953125,2041.3466796875,2031.1986083984373,2033.6610107421875,2033.6610107421875,0
522,2023-11-22 18:00:00,2034.2911376953125,2060.94921875,2033.73095703125,2060.94921875,2060.94921875,56753152
523,2023-11-22 19:00:00,2062.549560546875,2082.224609375,2060.438720703125,2077.181640625,2077.181640625,560372736
524,2023-11-22 20:00:00,2077.31884765625,2080.75048828125,2072.771484375,2078.23681640625,2078.23681640625,0
525,2023-11-22 21:00:00,2076.402587890625,2089.51416015625,2073.392822265625,2081.5634765625,2081.5634765625,348399616
526,2023-11-22 22:00:00,2082.167236328125,2088.03515625,2065.3203125,2065.49072265625,2065.49072265625,0
527,2023-11-22 23:00:00,2065.169921875,2067.776611328125,2059.309326171875,2065.38525390625,2065.38525390625,0
528,2023-11-23 00:00:00,2063.905517578125,2066.10791015625,2053.818359375,2054.872314453125,2054.872314453125,0
529,2023-11-23 01:00:00,2054.369384765625,2070.452392578125,2054.281494140625,2067.729248046875,2067.729248046875,0
530,2023-11-23 02:00:00,2067.831298828125,2068.668212890625,2059.706787109375,2064.254150390625,2064.254150390625,0
531,2023-11-23 03:00:00,2063.406982421875,2065.2265625,2056.386962890625,2060.566650390625,2060.566650390625,0
532,2023-11-23 04:00:00,2060.102783203125,2065.87939453125,2058.570556640625,2063.33447265625,2063.33447265625,0
533,2023-11-23 05:00:00,2062.897216796875,2068.42236328125,2062.659912109375,2063.792724609375,2063.792724609375,0
534,2023-11-23 06:00:00,2064.033935546875,2064.301025390625,2059.383544921875,2061.8388671875,2061.8388671875,0
535,2023-11-23 07:00:00,2061.919921875,2068.686279296875,2061.919921875,2065.482177734375,2065.482177734375,0
536,2023-11-23 08:00:00,2065.9501953125,2081.298828125,2065.00146484375,2081.298828125,2081.298828125,0
537,2023-11-23 09:00:00,2081.895751953125,2087.02099609375,2076.66650390625,2086.107666015625,2086.107666015625,0
538,2023-11-23 10:00:00,2087.734375,2088.031982421875,2072.18896484375,2072.336181640625,2072.336181640625,0
539,2023-11-23 11:00:00,2072.25439453125,2072.25439453125,2048.43896484375,2062.495361328125,2062.495361328125,116580352
540,2023-11-23 12:00:00,2062.799560546875,2070.098388671875,2055.42724609375,2056.06005859375,2056.06005859375,0
541,2023-11-23 13:00:00,2056.491943359375,2063.205078125,2050.03369140625,2053.885009765625,2053.885009765625,0
542,2023-11-23 14:00:00,2053.41015625,2062.422607421875,2052.728759765625,2059.695556640625,2059.695556640625,0
543,2023-11-23 15:00:00,2059.859130859375,2062.1875,2041.4642333984373,2043.099853515625,2043.099853515625,0
544,2023-11-23 16:00:00,2042.937255859375,2053.287841796875,2041.8070068359373,2050.275146484375,2050.275146484375,0
545,2023-11-23 17:00:00,2050.309326171875,2061.063232421875,2050.309326171875,2058.114990234375,2058.114990234375,0
546,2023-11-23 18:00:00,2058.22314453125,2062.220458984375,2058.14208984375,2060.649169921875,2060.649169921875,0
547,2023-11-23 19:00:00,2060.6748046875,2066.261474609375,2057.229736328125,2062.6904296875,2062.6904296875,0
548,2023-11-23 20:00:00,2062.63330078125,2067.26416015625,2062.369873046875,2066.818115234375,2066.818115234375,0
549,2023-11-23 21:00:00,2066.498046875,2076.41796875,2065.031494140625,2068.631591796875,2068.631591796875,0
550,2023-11-23 22:00:00,2068.741943359375,2069.83203125,2062.43701171875,2066.538818359375,2066.538818359375,0
551,2023-11-23 23:00:00,2066.056640625,2069.655517578125,2061.56103515625,2062.515625,2062.515625,0
552,2023-11-24 00:00:00,2062.411865234375,2067.0166015625,2060.9990234375,2064.7890625,2064.7890625,0
553,2023-11-24 01:00:00,2064.689697265625,2075.48876953125,2064.689697265625,2068.4599609375,2068.4599609375,109672448
554,2023-11-24 02:00:00,2068.802978515625,2074.78564453125,2065.851318359375,2071.2275390625,2071.2275390625,0
555,2023-11-24 03:00:00,2070.62744140625,2072.357666015625,2064.62744140625,2064.653076171875,2064.653076171875,86025728
556,2023-11-24 04:00:00,2064.36083984375,2069.761962890625,2064.36083984375,2068.728515625,2068.728515625,130413056
557,2023-11-24 05:00:00,2068.8740234375,2071.57958984375,2065.64794921875,2071.57958984375,2071.57958984375,0
558,2023-11-24 06:00:00,2072.38818359375,2073.5419921875,2068.682373046875,2069.04296875,2069.04296875,4418048
559,2023-11-24 07:00:00,2070.227783203125,2081.294189453125,2066.109375,2081.294189453125,2081.294189453125,120999936
560,2023-11-24 08:00:00,2080.639892578125,2083.49560546875,2076.37060546875,2078.12158203125,2078.12158203125,73595392
561,2023-11-24 09:00:00,2079.427001953125,2111.321044921875,2078.296142578125,2106.701171875,2106.701171875,620058112
562,2023-11-24 10:00:00,2108.304443359375,2123.499755859375,2101.667236328125,2101.667236328125,2101.667236328125,646057984
563,2023-11-24 11:00:00,2102.755615234375,2112.0556640625,2097.403076171875,2098.219970703125,2098.219970703125,36797440
564,2023-11-24 12:00:00,2098.427490234375,2106.848876953125,2097.604248046875,2102.7021484375,2102.7021484375,85944320
565,2023-11-24 13:00:00,2102.543212890625,2106.4921875,2098.75341796875,2103.579833984375,2103.579833984375,80559104
566,2023-11-24 14:00:00,2103.785888671875,2113.745849609375,2099.349609375,2113.2724609375,2113.2724609375,271879168
567,2023-11-24 15:00:00,2113.319091796875,2132.481201171875,2113.319091796875,2116.160888671875,2116.160888671875,565138432
568,2023-11-24 16:00:00,2117.677978515625,2125.834716796875,2091.314697265625,2097.1689453125,2097.1689453125,546712576
569,2023-11-24 17:00:00,2097.54833984375,2108.893798828125,2096.656982421875,2104.2509765625,2104.2509765625,280858624
570,2023-11-24 18:00:00,2104.818115234375,2104.818115234375,2089.27294921875,2091.529296875,2091.529296875,226352128
571,2023-11-24 19:00:00,2091.699951171875,2091.775390625,2082.70654296875,2088.639892578125,2088.639892578125,205770752
572,2023-11-24 20:00:00,2088.2861328125,2093.011962890625,2082.04931640625,2093.011962890625,2093.011962890625,66217984
573,2023-11-24 21:00:00,2090.6357421875,2096.7666015625,2087.525634765625,2087.525634765625,2087.525634765625,12862464
574,2023-11-24 22:00:00,2087.49462890625,2087.49462890625,2066.865234375,2075.245849609375,2075.245849609375,377705472
575,2023-11-24 23:00:00,2074.50244140625,2081.188232421875,2068.77099609375,2081.188232421875,2081.188232421875,88743936
576,2023-11-25 00:00:00,2081.296142578125,2083.81103515625,2074.78271484375,2074.78271484375,2074.78271484375,83603456
577,2023-11-25 01:00:00,2075.2255859375,2086.9326171875,2075.2255859375,2086.854736328125,2086.854736328125,0
578,2023-11-25 02:00:00,2087.257080078125,2088.228515625,2080.106689453125,2087.310546875,2087.310546875,50964480
579,2023-11-25 03:00:00,2087.563720703125,2090.544189453125,2086.520751953125,2088.44287109375,2088.44287109375,0
580,2023-11-25 04:00:00,2088.1796875,2088.7392578125,2084.813232421875,2087.3037109375,2087.3037109375,0
581,2023-11-25 05:00:00,2087.15283203125,2087.782958984375,2082.660400390625,2085.1064453125,2085.1064453125,32744448
582,2023-11-25 06:00:00,2085.423583984375,2086.946533203125,2082.98974609375,2085.5498046875,2085.5498046875,0
583,2023-11-25 07:00:00,2085.528564453125,2090.2060546875,2085.528564453125,2090.089599609375,2090.089599609375,0
584,2023-11-25 08:00:00,2090.111083984375,2091.3427734375,2086.1650390625,2086.1650390625,2086.1650390625,0
585,2023-11-25 09:00:00,2086.12060546875,2086.493408203125,2081.25634765625,2084.62158203125,2084.62158203125,0
586,2023-11-25 10:00:00,2084.3310546875,2085.104736328125,2075.693359375,2076.42822265625,2076.42822265625,0
587,2023-11-25 11:00:00,2076.6435546875,2077.935546875,2067.917236328125,2070.796630859375,2070.796630859375,0
588,2023-11-25 12:00:00,2071.355224609375,2078.295166015625,2071.30224609375,2078.295166015625,2078.295166015625,0
589,2023-11-25 13:00:00,2078.73388671875,2080.1923828125,2074.675537109375,2078.48486328125,2078.48486328125,0
590,2023-11-25 14:00:00,2078.73388671875,2078.773681640625,2072.43798828125,2074.385009765625,2074.385009765625,0
591,2023-11-25 15:00:00,2074.8408203125,2078.672607421875,2069.32275390625,2078.415771484375,2078.415771484375,0
592,2023-11-25 16:00:00,2078.2958984375,2084.48046875,2078.2958984375,2078.8193359375,2078.8193359375,0
593,2023-11-25 17:00:00,2078.7470703125,2081.251220703125,2076.699462890625,2076.934814453125,2076.934814453125,0
594,2023-11-25 18:00:00,2077.170166015625,2082.10693359375,2075.2998046875,2082.10693359375,2082.10693359375,0
595,2023-11-25 19:00:00,2082.14501953125,2084.217529296875,2082.14501953125,2083.783935546875,2083.783935546875,0
596,2023-11-25 20:00:00,2083.6708984375,2086.986572265625,2082.645263671875,2083.856201171875,2083.856201171875,0
597,2023-11-25 21:00:00,2084.23193359375,2085.97607421875,2083.15478515625,2084.59716796875,2084.59716796875,0
598,2023-11-25 22:00:00,2084.60693359375,2084.9287109375,2081.743896484375,2084.382568359375,2084.382568359375,0
599,2023-11-25 23:00:00,2083.722412109375,2086.4111328125,2082.686279296875,2084.33154296875,2084.33154296875,0
600,2023-11-26 00:00:00,2084.177490234375,2084.177490234375,2078.916259765625,2082.4814453125,2082.4814453125,0
601,2023-11-26 01:00:00,2081.989501953125,2081.989501953125,2072.018310546875,2072.018310546875,2072.018310546875,0
602,2023-11-26 02:00:00,2071.7041015625,2077.0361328125,2069.064208984375,2077.0361328125,2077.0361328125,0
603,2023-11-26 03:00:00,2077.08837890625,2077.90869140625,2076.118896484375,2076.483642578125,2076.483642578125,0
604,2023-11-26 04:00:00,2076.662841796875,2083.231201171875,2072.36669921875,2083.015869140625,2083.015869140625,40576512
605,2023-11-26 05:00:00,2083.306884765625,2083.350830078125,2081.045166015625,2081.921875,2081.921875,0
606,2023-11-26 06:00:00,2082.090576171875,2088.2939453125,2078.869384765625,2087.541748046875,2087.541748046875,112248832
607,2023-11-26 07:00:00,2089.49755859375,2091.421875,2087.434326171875,2089.636474609375,2089.636474609375,84253696
608,2023-11-26 08:00:00,2089.89794921875,2094.095947265625,2088.798828125,2090.864501953125,2090.864501953125,27024896
609,2023-11-26 09:00:00,2090.570068359375,2090.9912109375,2084.81103515625,2090.9912109375,2090.9912109375,0
610,2023-11-26 10:00:00,2091.040771484375,2091.197509765625,2085.064453125,2085.064453125,2085.064453125,0
611,2023-11-26 11:00:00,2085.2685546875,2089.019287109375,2083.8857421875,2085.183349609375,2085.183349609375,0
612,2023-11-26 12:00:00,2085.287841796875,2088.888916015625,2074.98388671875,2088.888916015625,2088.888916015625,251009536
613,2023-11-26 13:00:00,2089.10888671875,2089.10888671875,2076.330322265625,2082.9697265625,2082.9697265625,172409344
614,2023-11-26 14:00:00,2082.9716796875,2083.18798828125,2063.044921875,2065.184814453125,2065.184814453125,411357184
615,2023-11-26 15:00:00,2065.632568359375,2071.79833984375,2063.355712890625,2066.323974609375,2066.323974609375,149212672
616,2023-11-26 16:00:00,2065.550048828125,2068.955810546875,2038.6004638671875,2048.90771484375,2048.90771484375,697383936
617,2023-11-26 17:00:00,2047.6492919921875,2051.151123046875,2044.723876953125,2049.990478515625,2049.990478515625,193692672
618,2023-11-26 18:00:00,2050.22509765625,2055.112548828125,2045.783203125,2048.27197265625,2048.27197265625,119838720
619,2023-11-26 19:00:00,2049.001708984375,2056.454345703125,2048.920654296875,2056.454345703125,2056.454345703125,81628160
620,2023-11-26 20:00:00,2056.75927734375,2080.96142578125,2056.414306640625,2076.744384765625,2076.744384765625,321168384
621,2023-11-26 21:00:00,2077.12939453125,2078.939208984375,2068.4384765625,2074.7109375,2074.7109375,154612736
622,2023-11-26 22:00:00,2074.429931640625,2080.537353515625,2073.3818359375,2077.0732421875,2077.0732421875,88809984
623,2023-11-26 23:00:00,2077.041015625,2077.041015625,2061.317626953125,2063.452392578125,2063.452392578125,171950592
624,2023-11-27 00:00:00,2062.390869140625,2070.606201171875,2059.9130859375,2067.390869140625,2067.390869140625,123482624
625,2023-11-27 01:00:00,2067.545166015625,2070.28466796875,2061.923583984375,2063.984375,2063.984375,14588928
626,2023-11-27 02:00:00,2063.89453125,2063.89453125,2048.13134765625,2050.3271484375,2050.3271484375,114902528
627,2023-11-27 03:00:00,2050.81640625,2052.351806640625,2041.8125,2048.30615234375,2048.30615234375,253962240
628,2023-11-27 04:00:00,2048.530517578125,2052.0048828125,2043.471435546875,2052.0048828125,2052.0048828125,57413120
629,2023-11-27 05:00:00,2051.64794921875,2052.92626953125,2047.5064697265625,2049.170654296875,2049.170654296875,76590080
630,2023-11-27 06:00:00,2047.755615234375,2054.46044921875,2044.4346923828125,2044.4346923828125,2044.4346923828125,7836672
631,2023-11-27 07:00:00,2043.353271484375,2048.2705078125,2032.429443359375,2045.78857421875,2045.78857421875,592877568
632,2023-11-27 08:00:00,2045.765380859375,2050.01123046875,2042.7330322265625,2046.6650390625,2046.6650390625,294617088
633,2023-11-27 09:00:00,2046.91259765625,2052.58544921875,2046.91259765625,2048.21435546875,2048.21435546875,0
634,2023-11-27 10:00:00,2047.145263671875,2047.145263671875,2020.1737060546875,2021.0416259765625,2021.0416259765625,468653056
635,2023-11-27 11:00:00,2024.6988525390625,2028.9361572265625,2019.7098388671875,2025.9605712890625,2025.9605712890625,408297472
636,2023-11-27 12:00:00,2025.5382080078125,2029.3492431640625,2021.830078125,2021.830078125,2021.830078125,0
637,2023-11-27 13:00:00,2019.2110595703125,2024.64990234375,2014.6334228515625,2023.3092041015625,2023.3092041015625,188876800
638,2023-11-27 14:00:00,2023.5218505859373,2029.208251953125,2013.9952392578125,2014.57080078125,2014.57080078125,0
639,2023-11-27 15:00:00,2014.9898681640625,2027.614501953125,2005.4251708984373,2006.403076171875,2006.403076171875,186883072
640,2023-11-27 16:00:00,2002.880126953125,2020.001220703125,2001.34130859375,2019.195068359375,2019.195068359375,0
641,2023-11-27 17:00:00,2020.2296142578125,2024.3680419921875,2010.056884765625,2010.056884765625,2010.056884765625,46556160
642,2023-11-27 18:00:00,2010.5211181640625,2019.156494140625,2010.5211181640625,2010.5853271484373,2010.5853271484373,0
643,2023-11-27 19:00:00,2008.32275390625,2011.267333984375,1988.3197021484373,1994.5703125,1994.5703125,420067328
644,2023-11-27 20:00:00,1995.216552734375,1997.3272705078125,1990.283447265625,1996.2435302734373,1996.2435302734373,0
645,2023-11-27 21:00:00,1996.265380859375,2018.90185546875,1995.9984130859373,2014.085205078125,2014.085205078125,110229504
646,2023-11-27 22:00:00,2014.767822265625,2021.4056396484373,2012.624755859375,2021.4056396484373,2021.4056396484373,0
647,2023-11-27 23:00:00,2020.8297119140625,2029.5810546875,2020.8297119140625,2027.4254150390625,2027.4254150390625,0
648,2023-11-28 00:00:00,2027.5172119140625,2038.969482421875,2023.859619140625,2033.7559814453125,2033.7559814453125,60590080
649,2023-11-28 01:00:00,2033.2890625,2034.0341796875,2025.05126953125,2027.0091552734373,2027.0091552734373,0
650,2023-11-28 02:00:00,2026.82373046875,2029.2518310546875,2021.0631103515625,2027.368408203125,2027.368408203125,0
651,2023-11-28 03:00:00,2027.0267333984373,2031.47509765625,2024.2373046875,2027.20068359375,2027.20068359375,0
652,2023-11-28 04:00:00,2027.1947021484373,2028.9749755859373,2018.3245849609373,2018.7197265625,2018.7197265625,0
653,2023-11-28 05:00:00,2018.896484375,2019.6549072265625,1999.0098876953125,1999.0098876953125,1999.0098876953125,463369216
654,2023-11-28 06:00:00,1998.2442626953125,2014.4984130859373,1996.814697265625,2014.4984130859373,2014.4984130859373,0
655,2023-11-28 07:00:00,2013.5701904296875,2016.57958984375,2003.8665771484373,2014.81787109375,2014.81787109375,0
656,2023-11-28 08:00:00,2014.73291015625,2014.757080078125,2006.2181396484373,2007.620849609375,2007.620849609375,30702592
657,2023-11-28 09:00:00,2006.5159912109373,2019.441162109375,2005.8907470703125,2019.3199462890625,2019.3199462890625,71877632
658,2023-11-28 10:00:00,2019.106689453125,2019.466552734375,2014.1478271484373,2018.2999267578125,2018.2999267578125,0
659,2023-11-28 11:00:00,2020.5361328125,2028.4388427734373,2018.657958984375,2028.317138671875,2028.317138671875,0
660,2023-11-28 12:00:00,2028.3359375,2028.88671875,2022.275390625,2022.769775390625,2022.769775390625,0
661,2023-11-28 13:00:00,2022.5311279296875,2036.3720703125,2019.961181640625,2035.154541015625,2035.154541015625,0
662,2023-11-28 14:00:00,2035.54931640625,2040.4017333984373,2032.10302734375,2032.6817626953125,2032.6817626953125,0
663,2023-11-28 15:00:00,2032.431396484375,2039.5234375,2026.88134765625,2037.960205078125,2037.960205078125,0
664,2023-11-28 16:00:00,2037.6190185546875,2063.3857421875,2036.6297607421875,2056.976806640625,2056.976806640625,116973568
665,2023-11-28 17:00:00,2058.053466796875,2074.9541015625,2052.166748046875,2071.311767578125,2071.311767578125,477180928
666,2023-11-28 18:00:00,2072.909423828125,2073.542236328125,2052.728759765625,2058.525390625,2058.525390625,282893312
667,2023-11-28 19:00:00,2057.9296875,2068.066162109375,2056.891845703125,2061.335693359375,2061.335693359375,0
668,2023-11-28 20:00:00,2060.14697265625,2065.109130859375,2056.19970703125,2065.109130859375,2065.109130859375,0
669,2023-11-28 21:00:00,2064.27734375,2064.395263671875,2054.06005859375,2054.991455078125,2054.991455078125,0
670,2023-11-28 22:00:00,2054.759765625,2058.2021484375,2045.4864501953125,2049.68212890625,2049.68212890625,63393792
671,2023-11-28 23:00:00,2049.145263671875,2054.072265625,2045.3638916015625,2049.388671875,2049.388671875,0
672,2023-11-29 00:00:00,2049.186767578125,2051.22265625,2040.98095703125,2051.22265625,2051.22265625,1512448
673,2023-11-29 01:00:00,2051.412353515625,2057.305419921875,2051.412353515625,2052.043212890625,2052.043212890625,94164992
674,2023-11-29 02:00:00,2051.49951171875,2053.367431640625,2048.285400390625,2050.9755859375,2050.9755859375,72624128
675,2023-11-29 03:00:00,2050.314208984375,2054.756591796875,2049.825439453125,2053.1826171875,2053.1826171875,108216320
676,2023-11-29 04:00:00,2053.210693359375,2055.584228515625,2051.279541015625,2055.584228515625,2055.584228515625,0
677,2023-11-29 05:00:00,2055.023193359375,2056.848876953125,2049.39599609375,2053.876953125,2053.876953125,0
678,2023-11-29 06:00:00,2054.37158203125,2063.310302734375,2051.783203125,2062.843017578125,2062.843017578125,0
679,2023-11-29 07:00:00,2062.774169921875,2063.024658203125,2056.017578125,2057.82958984375,2057.82958984375,0
680,2023-11-29 08:00:00,2058.0419921875,2071.557373046875,2056.00830078125,2071.470458984375,2071.470458984375,41019392
681,2023-11-29 09:00:00,2071.67529296875,2071.994384765625,2064.15380859375,2067.95654296875,2067.95654296875,142936064
682,2023-11-29 10:00:00,2067.486572265625,2067.486572265625,2046.9090576171875,2047.83642578125,2047.83642578125,192029696
683,2023-11-29 11:00:00,2048.3017578125,2057.080810546875,2047.5401611328125,2054.242431640625,2054.242431640625,2588672
684,2023-11-29 12:00:00,2054.077392578125,2061.126708984375,2051.549072265625,2056.260986328125,2056.260986328125,41399296
685,2023-11-29 13:00:00,2055.578857421875,2061.255615234375,2053.6923828125,2055.64697265625,2055.64697265625,0
686,2023-11-29 14:00:00,2055.00634765625,2058.6162109375,2034.5877685546875,2038.0863037109373,2038.0863037109373,124651520
687,2023-11-29 15:00:00,2037.1258544921875,2039.4114990234373,2021.6412353515625,2033.0758056640625,2033.0758056640625,202361856
688,2023-11-29 16:00:00,2032.3045654296875,2033.7774658203125,2020.756591796875,2026.955322265625,2026.955322265625,0
689,2023-11-29 17:00:00,2026.338134765625,2036.130859375,2021.0794677734373,2034.060302734375,2034.060302734375,0
690,2023-11-29 18:00:00,2033.727783203125,2037.8740234375,2029.1734619140625,2037.259765625,2037.259765625,0
691,2023-11-29 19:00:00,2037.1796875,2041.9923095703125,2034.2120361328125,2038.2044677734373,2038.2044677734373,0
692,2023-11-29 20:00:00,2039.141845703125,2040.1512451171875,2021.1666259765625,2026.3399658203125,2026.3399658203125,0
693,2023-11-29 21:00:00,2026.2586669921875,2030.126708984375,2024.03173828125,2027.769775390625,2027.769775390625,0
694,2023-11-29 22:00:00,2028.2900390625,2032.2177734375,2028.2900390625,2029.43212890625,2029.43212890625,0
695,2023-11-29 23:00:00,2029.4730224609373,2030.518798828125,2025.8876953125,2029.1326904296875,2029.1326904296875,0
696,2023-11-30 00:00:00,2029.3583984375,2032.1466064453125,2025.8262939453125,2027.1727294921875,2027.1727294921875,0
697,2023-11-30 01:00:00,2027.410400390625,2030.2337646484373,2023.230712890625,2025.3646240234373,2025.3646240234373,0
698,2023-11-30 02:00:00,2025.2823486328125,2036.6475830078125,2025.0426025390625,2036.6475830078125,2036.6475830078125,0
699,2023-11-30 03:00:00,2036.32177734375,2040.24755859375,2030.482666015625,2040.1448974609373,2040.1448974609373,0
700,2023-11-30 04:00:00,2040.4617919921875,2043.7110595703125,2036.1873779296875,2037.0556640625,2037.0556640625,430571520
701,2023-11-30 05:00:00,2036.8939208984373,2038.6107177734373,2033.05859375,2034.3341064453125,2034.3341064453125,25052160
702,2023-11-30 06:00:00,2034.5030517578125,2038.580322265625,2032.4105224609373,2035.34228515625,2035.34228515625,0
703,2023-11-30 07:00:00,2035.077392578125,2038.7916259765625,2033.2813720703125,2034.7750244140625,2034.7750244140625,0
704,2023-11-30 08:00:00,2035.650146484375,2036.461669921875,2022.4617919921875,2025.630615234375,2025.630615234375,12499968
705,2023-11-30 09:00:00,2026.1287841796875,2032.1097412109373,2022.603515625,2028.967041015625,2028.967041015625,0
706,2023-11-30 10:00:00,2028.9462890625,2033.7235107421875,2028.569091796875,2030.8011474609373,2030.8011474609373,0
707,2023-11-30 11:00:00,2030.714111328125,2045.538818359375,2029.067138671875,2045.538818359375,2045.538818359375,17523712
708,2023-11-30 12:00:00,2045.76318359375,2051.381103515625,2044.059814453125,2045.817626953125,2045.817626953125,83546112
709,2023-11-30 13:00:00,2045.708984375,2048.40625,2034.9361572265625,2035.3917236328125,2035.3917236328125,69367808
710,2023-11-30 14:00:00,2036.047607421875,2036.047607421875,2026.05224609375,2030.5723876953125,2030.5723876953125,0
711,2023-11-30 15:00:00,2030.287841796875,2038.9669189453125,2027.606689453125,2031.019775390625,2031.019775390625,0
712,2023-11-30 16:00:00,2032.9879150390625,2038.7845458984373,2029.0076904296875,2036.8634033203125,2036.8634033203125,0
713,2023-11-30 17:00:00,2035.823486328125,2040.5653076171875,2034.636474609375,2039.451416015625,2039.451416015625,0
714,2023-11-30 18:00:00,2039.6015625,2043.9034423828125,2038.3465576171875,2039.004150390625,2039.004150390625,0
715,2023-11-30 19:00:00,2039.3836669921875,2044.014404296875,2037.3582763671875,2041.5089111328125,2041.5089111328125,0
716,2023-11-30 20:00:00,2041.7216796875,2045.555419921875,2041.009765625,2044.666748046875,2044.666748046875,181476352
717,2023-11-30 21:00:00,2045.4898681640625,2048.725341796875,2041.3568115234373,2046.3939208984373,2046.3939208984373,0
718,2023-11-30 22:00:00,2046.07470703125,2049.679931640625,2044.5670166015625,2044.8997802734373,2044.8997802734373,8134656
719,2023-11-30 23:00:00,2044.32373046875,2054.4443359375,2041.18896484375,2052.543701171875,2052.543701171875,23342080
