index,Open,High,Low,Close,Volume,ScorePositive,ScoreNegative,ScoreNeutral,Coin_timestamp
0,46311.74609,47827.3125,46288.48438,47686.8125,24582667004.0,0.0356225706636905,0.955733835697174,0.00864362064749,1640966400.0
1,47680.92578,47881.40625,46856.9375,47345.21875,27951569547.0,0.0352663449570536,0.9461764973402024,0.0085571844410151,1641052800.0
2,47343.54297,47510.72656,45835.96484,46458.11719,33071628362.0,0.1635393658652901,0.5756731793905298,0.2607874605390761,1641139200.0
3,46458.85156,47406.54688,45752.46484,45897.57422,42494677905.0,0.2607602498361042,0.2705902449254478,0.4686494858137199,1641225600.0
4,45899.35938,46929.04688,42798.22266,43569.00391,36851084859.0,0.32102728652535,0.456917886796873,0.2220548497280106,1641312000.0
5,43565.51172,43748.71875,42645.53906,43160.92969,30208048289.0,0.0392780606634914,0.6197622415077474,0.3409597044810653,1641398400.0
6,43153.57031,43153.57031,41077.44531,41557.90234,84196607520.0,0.2333940470901628,0.5039211523253471,0.2626848017486433,1641484800.0
7,41561.46484,42228.94141,40672.27734,41733.94141,28066355845.0,0.0112963300198316,0.9645383954048156,0.0241652969270944,1641571200.0
8,41734.72656,42663.94922,41338.16016,41911.60156,21294384372.0,0.0956677794456482,0.6809554696083069,0.2233767316987117,1641657600.0
9,41910.23047,42199.48438,39796.57031,41821.26172,32104232331.0,0.1807016605910446,0.6167972488994045,0.2025011014193296,1641744000.0
10,41819.50781,43001.15625,41407.75391,42735.85547,26327648900.0,0.2195178090129047,0.4419688506051898,0.3385133296251297,1641830400.0
11,42742.17969,44135.36719,42528.98828,43949.10156,33499938689.0,0.2346498345076623,0.4676875286321673,0.2976626303667823,1641916800.0
12,43946.74219,44278.42188,42447.04297,42591.57031,47691135082.0,0.2604908694584782,0.3835659897528015,0.3559431195832215,1642003200.0
13,42598.87109,43346.6875,41982.61719,43099.69922,23577403399.0,0.1110835149884224,0.5013846552797726,0.3875318499548094,1642089600.0
14,43101.89844,43724.67188,42669.03516,43177.39844,18371348298.0,0.1099726798385381,0.4963708087269748,0.3836565314552613,1642176000.0
15,43172.03906,43436.80859,42691.02344,43113.87891,17902097845.0,0.0497844034495453,0.64435742298762,0.3058582060039043,1642262400.0
16,43118.12109,43179.39063,41680.32031,42250.55078,21690904261.0,0.3416706569259986,0.2865756637766026,0.3717536728363484,1642348800.0
17,42250.07422,42534.40234,41392.21484,42375.63281,22417209227.0,0.0889239820341269,0.633069972662876,0.2780060373867551,1642435200.0
18,42374.03906,42478.30469,41242.91406,41744.32813,23091543258.0,0.211153080348264,0.4420527827671983,0.3467941274019805,1642521600.0
19,41744.02734,43413.02344,40672.82422,40680.41797,20382033940.0,0.0623983417383649,0.4596620557660406,0.477939608591524,1642608000.0
20,40699.60547,41060.52734,35791.42578,36457.31641,43011992031.0,0.1446419471282173,0.5182750961235301,0.3370829590342261,1642694400.0
21,36471.58984,36688.8125,34349.25,35030.25,39714385405.0,0.1431955276569351,0.5130923451622947,0.3337121294438839,1642780800.0
22,35047.35938,36433.3125,34784.96875,36276.80469,26017975951.0,0.0281283712635437,0.6544167002042135,0.3174549359828233,1642867200.0
23,36275.73438,37247.51953,33184.05859,36654.32813,41856658597.0,0.1865831458797821,0.5640105071405952,0.2494063559346474,1642953600.0
24,36654.80469,37444.57031,35779.42969,36954.00391,26428189594.0,0.2371721947565674,0.3615898717460887,0.4012379135404314,1643040000.0
25,36950.51563,38825.41016,36374.90625,36852.12109,31324598034.0,0.204905656309655,0.6053965982909386,0.1896977517753839,1643126400.0
26,36841.87891,37148.32422,35629.28125,37138.23438,25041426629.0,0.1889148608853037,0.5587967447220132,0.2522883889480279,1643212800.0
27,37128.44531,37952.87891,36211.10938,37784.33203,22238830523.0,0.307073853785793,0.2666367292404175,0.4262894076605638,1643299200.0
28,37780.71484,38576.26172,37406.47266,38138.17969,17194183075.0,0.0262335799634456,0.1069334223866462,0.866832971572876,1643385600.0
29,38151.91797,38266.33984,37437.71094,37917.60156,14643548444.0,0.0606437437236309,0.4705236218869686,0.4688325906172395,1643472000.0
30,37920.28125,38647.26172,36733.57422,38483.125,20734730465.0,0.1311300710182298,0.7484687373719432,0.1204011998223987,1643558400.0
31,38481.76563,39115.13281,38113.66406,38743.27344,20288500328.0,0.1729254245977191,0.2185422078541973,0.608532374176909,1643644800.0
32,38743.71484,38834.61719,36832.73047,36952.98438,19155189416.0,0.2033204001543874,0.3797883874821392,0.4168911943720145,1643731200.0
33,36944.80469,37154.60156,36375.53906,37154.60156,18591534769.0,0.1626459402653078,0.4533274379558861,0.3840266049529115,1643817600.0
34,37149.26563,41527.78516,37093.62891,41500.875,29412210792.0,0.3015215683728456,0.3486454769968986,0.3498329615220427,1643904000.0
35,41501.48047,41847.16406,41038.09766,41441.16406,19652846215.0,0.2985063526891172,0.3451590222269296,0.3463346319068223,1643990400.0
36,41441.12109,42500.78516,41244.90625,42412.43359,16142097334.0,0.4017015993595123,0.0234601441770792,0.5748382806777954,1644076800.0
37,42406.78125,44401.86328,41748.15625,43840.28516,28641855926.0,0.2870944165624678,0.5123883379468074,0.2005172367207706,1644163200.0
38,43854.65234,45293.86719,42807.83594,44118.44531,33079398868.0,0.1079074925827709,0.4384130260653116,0.4536794700067151,1644249600.0
39,44096.70313,44727.80078,43232.96875,44338.79688,23245887300.0,0.3208897233837181,0.1804333001168238,0.4986769907797376,1644336000.0
40,44347.80078,45661.17188,43402.80859,43565.11328,32142048537.0,0.2549767649986527,0.3584064947949214,0.3866167438470504,1644422400.0
41,43571.12891,43810.83203,42114.53906,42407.9375,26954925781.0,0.1772460276260972,0.3997158731799572,0.4230380863882601,1644508800.0
42,42412.30078,42992.55078,41852.57422,42244.46875,18152390304.0,0.1754735673498362,0.3957187144481577,0.4188077055243775,1644595200.0
43,42236.56641,42693.05469,41950.94141,42197.51563,14741589015.0,0.029613466002047,0.8125992119312286,0.1577872633934021,1644681600.0
44,42157.39844,42775.77734,41681.95703,42586.91797,20827783012.0,0.2030107359401881,0.5116929028183221,0.2852963734418153,1644768000.0
45,42586.46484,44667.21875,42491.03516,44575.20313,22721659051.0,0.2743366112311681,0.2852642252627346,0.4403991674383481,1644854400.0
46,44578.27734,44578.27734,43456.69141,43961.85938,19792547657.0,0.2816873967337112,0.364840238665541,0.3534723548218608,1644940800.0
47,43937.07031,44132.97266,40249.37109,40538.01172,26246662813.0,0.1054197108217825,0.5852745550995072,0.3093057431591053,1645027200.0
48,40552.13281,40929.15234,39637.61719,40030.97656,23310007704.0,0.0388665331993252,0.7226928314194083,0.2384406607598066,1645113600.0
49,40026.02344,40418.87891,39713.05859,40122.15625,13736557863.0,0.0384778678673319,0.7154659031052142,0.2360562541522085,1645200000.0
50,40118.10156,40119.89063,38112.8125,38431.37891,18340576452.0,0.0418184199370443,0.4964373093098402,0.4617442302405834,1645286400.0
51,38423.21094,39394.4375,36950.47656,37075.28125,29280402798.0,0.1187915613076516,0.6863272583910397,0.1948811928076403,1645372800.0
52,37068.76953,38359.85547,36488.93359,38286.02734,25493150450.0,0.20350406691432,0.5997560839168727,0.1967398417182266,1645459200.0
53,38285.28125,39122.39453,37201.81641,37296.57031,21849073843.0,0.1989546038676053,0.6038956966561576,0.1971497105744978,1645545600.0
54,37278.56641,38968.83984,34459.21875,38332.60938,46383802093.0,0.1364924490141371,0.5286430089036003,0.3348645586520433,1645632000.0
55,38333.74609,39630.32422,38111.34375,39214.21875,26545599159.0,0.2282677065581083,0.5187844209372997,0.25294787324965,1645718400.0
56,39213.08203,40005.34766,38702.53516,39105.14844,17467554129.0,0.3119007473190625,0.4012723577519257,0.2868268688519795,1645804800.0
57,39098.69922,39778.94141,37268.97656,37709.78516,23450127612.0,0.0542652861525615,0.3983955755829811,0.547339158753554,1645891200.0
58,37706.0,43760.45703,37518.21484,43193.23438,35690014104.0,0.3680691968028744,0.3860455525107681,0.2458852441360553,1645977600.0
59,43194.50391,44793.60156,42952.58594,44354.63672,32479047645.0,0.3160559176890687,0.3352382961575957,0.3487057854336771,1646064000.0
60,44357.61719,45077.57813,43432.85156,43924.11719,29183112630.0,0.2246961912273296,0.3996939124273402,0.3756099077207701,1646150400.0
61,43925.19531,44021.57813,41914.75,42451.78906,24967782593.0,0.2220410188550458,0.3479067225776174,0.4300522758241962,1646236800.0
62,42458.14063,42479.61328,38805.84766,39137.60547,28516271427.0,0.2054176718617479,0.5648436368598292,0.2297387066452453,1646323200.0
63,39148.44922,39566.33594,38777.03516,39400.58594,16975917450.0,0.2033634951431304,0.559195200491231,0.2274413195787928,1646409600.0
64,39404.19922,39640.17578,38211.64844,38419.98438,19745229902.0,0.084390752017498,0.0568230971693992,0.8587861657142639,1646496000.0
65,38429.30469,39430.22656,37260.20313,38062.03906,28546143503.0,0.2356430324393191,0.5550749719675098,0.2092819823218243,1646582400.0
66,38059.90234,39304.44141,37957.38672,38737.26953,25776583476.0,0.2383425988955423,0.3153399889706634,0.4463173946132883,1646668800.0
67,38742.81641,42465.67188,38706.09375,41982.92578,32284121034.0,0.3333628692353765,0.3169939771294593,0.3496431472400824,1646755200.0
68,41974.07031,42004.72656,38832.94141,39437.46094,31078064711.0,0.2402742399301912,0.347283416494195,0.4124423433095217,1646841600.0
69,39439.96875,40081.67969,38347.43359,38794.97266,26364890465.0,0.1683666470460593,0.429140474461019,0.4024928664788604,1646928000.0
70,38794.46484,39308.59766,38772.53516,38904.01172,14616450657.0,0.0588809251785278,0.2074560970067978,0.7336629033088684,1647014400.0
71,38884.72656,39209.35156,37728.14453,37849.66406,17300745310.0,0.0281702596694231,0.5080357765158018,0.4637939532597859,1647100800.0
72,37846.31641,39742.5,37680.73438,39666.75391,24322159070.0,0.2423755307016628,0.3438606412549104,0.4137638437428644,1647187200.0
73,39664.25,39794.62891,38310.21094,39338.78516,23934000868.0,0.2454258965328336,0.4417197851464152,0.3128543173894286,1647273600.0
74,39335.57031,41465.45313,39022.34766,41143.92969,39616916192.0,0.4252994176266448,0.2275802004151046,0.3471204017155936,1647360000.0
75,41140.84375,41287.53516,40662.87109,40951.37891,22009601093.0,0.4107462280214979,0.2449215299521501,0.3443322353638135,1647446400.0
76,40944.83984,42195.74609,40302.39844,41801.15625,34421564942.0,0.3028085994430714,0.415818721262945,0.2813726783626609,1647532800.0
77,41794.64844,42316.55469,41602.66797,42190.65234,19664853187.0,0.2997805134486407,0.4116605340503156,0.2785589515790343,1647619200.0
78,42191.40625,42241.16406,41004.75781,41247.82422,20127946682.0,0.0653896629810333,0.9168806672096252,0.0177296698093414,1647705600.0
79,41246.13281,41454.41016,40668.04297,41077.99609,24615543271.0,0.2083967425860464,0.5603582509793341,0.231245008452485,1647792000.0
80,41074.10547,43124.70703,40948.28125,42358.80859,32004652376.0,0.3622252060100436,0.1755433346144855,0.4622314557433128,1647878400.0
81,42364.37891,42893.50781,41877.50781,42892.95703,25242943069.0,0.1919519785218514,0.4025273345267543,0.4055206883841982,1647964800.0
82,42886.65234,44131.85547,42726.16406,43960.93359,31042992291.0,0.4320123138527075,0.1370956502854824,0.4308920435607433,1648051200.0
83,43964.54688,44999.49219,43706.28516,44348.73047,30574413034.0,0.2867949317124756,0.2781825390729037,0.435022529383952,1648137600.0
84,44349.85938,44735.99609,44166.27344,44500.82813,16950455995.0,0.2839269823953509,0.2754007136821747,0.4306723040901124,1648224000.0
85,44505.35547,46827.54688,44437.29297,46820.49219,28160889722.0,0.511386064812541,0.0632902842480689,0.4253236660733819,1648310400.0
86,46821.85156,48086.83594,46690.20313,47128.00391,36362175703.0,0.5029716894707896,0.1784106321124867,0.3186176673255183,1648396800.0
87,47100.4375,48022.28906,47100.4375,47465.73047,31397059069.0,0.3292244184104835,0.3266677468576852,0.3441078513860702,1648483200.0
88,47456.89844,47655.14844,46746.21094,47062.66406,29333883962.0,0.2729546817786553,0.2989477372783072,0.4280975767794777,1648569600.0
89,47062.14844,47512.02734,45390.53906,45538.67578,33327427106.0,0.2163874884653422,0.4991885148661418,0.284424007197635,1648656000.0
90,45554.16406,46616.24219,44403.14063,46281.64453,38162644287.0,0.2158256960101425,0.568262763825866,0.2159115431519846,1648742400.0
91,46285.5,47028.28125,45782.51172,45868.94922,29336594194.0,0.2136674390500411,0.5625801361876074,0.2137524277204647,1648828800.0
92,45859.12891,47313.47656,45634.10547,46453.56641,25414397610.0,0.5352402478456497,0.3606138210743665,0.1041459292173385,1648915200.0
93,46445.27344,46791.08984,45235.81641,46622.67578,32499785455.0,0.3009148869090355,0.2984776512648051,0.4006074558083827,1649001600.0
94,46624.50781,47106.14063,45544.80859,45555.99219,29640604055.0,0.0991880668229178,0.4460401651204416,0.4547717769287134,1649088000.0
95,45544.35547,45544.35547,43193.95313,43206.73828,39393395788.0,0.2004232575687078,0.4981070913087863,0.3014696509792254,1649174400.0
96,43207.5,43860.69922,42899.90625,43503.84766,26101973106.0,0.1772358915768563,0.3659316371195018,0.4568324718210432,1649260800.0
97,43505.13672,43903.01953,42183.28906,42287.66406,27215995394.0,0.2549922366160899,0.3194434122803311,0.425564353664716,1649347200.0
98,42282.07813,42786.81641,42183.25391,42782.13672,16050772496.0,0.252442314249929,0.3162489781575278,0.4213087101280689,1649433600.0
99,42781.08984,43376.37891,42021.20703,42207.67188,17654475582.0,0.04809927707538,0.5008409023284912,0.4510597754269838,1649520000.0
100,42201.03906,42424.58984,39373.05859,39521.90234,33949912166.0,0.0944324139660845,0.6694908873954167,0.2360766877730687,1649606400.0
101,39533.71484,40617.58594,39388.32813,40127.18359,30991500854.0,0.1328210482772971,0.3718855473478989,0.4952933937311172,1649692800.0
102,40123.57031,41430.05469,39712.74609,41166.73047,27691105228.0,0.2947386860226591,0.2349479710683226,0.47031333995983,1649779200.0
103,41160.21875,41451.48047,39695.74609,39935.51563,24342001973.0,0.1094052740796045,0.3250855681571094,0.5655091953548518,1649865600.0
104,39939.40234,40617.72266,39866.83203,40553.46484,21756855753.0,0.1141738767425219,0.8233482042948405,0.0624778593579928,1649952000.0
105,40552.31641,40633.67969,40078.42578,40424.48438,16833150693.0,0.1130321379750967,0.8151147222518921,0.0618530807644128,1650038400.0
106,40417.77734,40570.72656,39620.89453,39716.95313,19087633042.0,0.0370048070326447,0.4983290638774633,0.4646660955622792,1650124800.0
107,39721.20313,40986.32031,38696.19141,40826.21484,33705182072.0,0.180781616998667,0.5345909951932051,0.2846273683350194,1650211200.0
108,40828.17578,41672.96094,40618.63281,41502.75,25303206547.0,0.4629016837105155,0.3436822605319321,0.1934160467237234,1650297600.0
109,41501.74609,42126.30078,40961.09766,41374.37891,27819532341.0,0.1932319805312615,0.4247960757034329,0.3819719362430848,1650384000.0
110,41371.51563,42893.58203,40063.82813,40527.36328,35372786395.0,0.2620518056577758,0.1756492674742874,0.5622989361811626,1650470400.0
111,40525.86328,40777.75781,39315.41797,39740.32031,28011716745.0,0.1047708926877627,0.3608643158416574,0.5343647923630973,1650556800.0
112,39738.72266,39935.85938,39352.20313,39486.73047,16138021249.0,0.1037231837608851,0.3572556726832408,0.5290211444394664,1650643200.0
113,39478.375,39845.92578,39233.53906,39469.29297,17964398167.0,0.0463020280003547,0.4891400728374719,0.464557895436883,1650729600.0
114,39472.60547,40491.75391,38338.37891,40458.30859,35445730570.0,0.0581376329840471,0.6737008445585767,0.268161517723153,1650816000.0
115,40448.42188,40713.89063,37884.98438,38117.46094,34569088416.0,0.1328607687507482,0.4313590272384531,0.4357802008881288,1650902400.0
116,38120.30078,39397.91797,37997.3125,39241.12109,30981015184.0,0.2701420870006961,0.424847443588078,0.3050104570848977,1650988800.0
117,39241.42969,40269.46484,38941.42188,39773.82813,33903704907.0,0.2825406032669194,0.3301979058203013,0.3872614995959927,1651075200.0
118,39768.61719,39887.26953,38235.53516,38609.82422,30882994649.0,0.1661934756673872,0.4734250226989388,0.3603814953938126,1651161600.0
119,38605.85938,38771.21094,37697.94141,37714.875,23895713731.0,0.1645315409107133,0.4686907724719494,0.3567776804398745,1651248000.0
120,37713.26563,38627.85938,37585.78906,38469.09375,27002760110.0,0.0398212252184748,0.8172184228897095,0.1429603528231382,1651334400.0
121,38472.1875,39074.97266,38156.5625,38529.32813,32922642426.0,0.0930213601279415,0.4176125337222689,0.4893661200215942,1651420800.0
122,38528.10938,38629.99609,37585.62109,37750.45313,27326943244.0,0.1634448684582656,0.5060464399443432,0.3305086725476113,1651507200.0
123,37748.01172,39902.94922,37732.05859,39698.37109,36754404490.0,0.370901140011847,0.2475016848494609,0.3815971564501524,1651593600.0
124,39695.74609,39789.28125,35856.51563,36575.14063,43106256317.0,0.1757813517728613,0.4355735340052181,0.3886451241042878,1651680000.0
125,36573.18359,36624.35938,35482.13281,36040.92188,37795577489.0,0.1015953060070222,0.6305989717895334,0.267805746502497,1651766400.0
126,36042.50391,36129.92578,34940.82422,35501.95313,24375896406.0,0.1005793529469519,0.6242929820716381,0.265127689037472,1651852800.0
127,35502.94141,35502.94141,33878.96484,34059.26563,36763041910.0,0.0104641172414024,0.963162084420522,0.0263738042364517,1651939200.0
128,34060.01563,34222.07422,30296.95313,30296.95313,63355494961.0,0.1281311931088566,0.5927254000057777,0.2791434057056904,1652025600.0
129,30273.6543,32596.30859,29944.80273,31022.90625,59811038817.0,0.2386037851166394,0.4972004900789923,0.2641957376359237,1652112000.0
130,31016.18359,32013.40234,28170.41406,28936.35547,70388855818.0,0.0965361746493727,0.367532955436036,0.5359308635350317,1652198400.0
131,28936.73438,30032.43945,26350.49023,29047.75195,66989173272.0,0.0800563606123129,0.6032896791067388,0.316653959867027,1652284800.0
132,29030.91016,30924.80273,28782.33008,29283.10352,42841124537.0,0.0819091954811786,0.7734079013268153,0.144682921624432,1652371200.0
133,29285.64258,30192.80273,28702.91016,30101.26563,28579868620.0,0.0618690308183431,0.3577492535114288,0.5803817063570023,1652457600.0
134,30098.58594,31308.19141,29527.74023,31305.11328,25835372065.0,0.0560316865642865,0.3378629051148891,0.6061054021120071,1652544000.0
135,31304.375,31305.3418,29251.88477,29862.91797,32613897286.0,0.0732412846271126,0.590964799170338,0.335793912854223,1652630400.0
136,29862.4082,30694.49023,29570.30273,30425.85742,29101473475.0,0.3008226094922672,0.3697818926690767,0.3293954899224142,1652716800.0
137,30424.47852,30618.7168,28720.27148,28720.27148,31285268319.0,0.0898478443268686,0.5637614605172226,0.3463907008990645,1652803200.0
138,28720.35938,30430.75195,28708.95508,30314.33398,33773447707.0,0.166035991658767,0.5355414404844244,0.2984225669254859,1652889600.0
139,30311.11914,30664.97656,28793.60547,29200.74023,30749382605.0,0.0787698918953538,0.8526849746704102,0.0685451339930296,1652976000.0
140,29199.85938,29588.86914,29027.39453,29432.22656,17274840442.0,0.0779821929764002,0.844158124923706,0.0678596826530993,1653062400.0
141,29432.47266,30425.86133,29275.18359,30323.72266,21631532270.0,0.924744188785553,0.051067616790533,0.0241882652044296,1653148800.0
142,30309.39648,30590.58594,28975.56055,29098.91016,31483454557.0,0.2378054325365358,0.4126765676256683,0.3495180223964982,1653235200.0
143,29101.125,29774.35547,28786.58984,29655.58594,26616506245.0,0.1051180928945541,0.521412369608879,0.3734695643186569,1653321600.0
144,29653.13477,30157.78516,29384.94922,29562.36133,27525063551.0,0.193407320520944,0.4564206967026823,0.3501719741357697,1653408000.0
145,29564.77734,29834.16016,28261.90625,29267.22461,36774325352.0,0.1242261177135838,0.6730526119677557,0.2027212689734167,1653494400.0
146,29251.14063,29346.94336,28326.61328,28627.57422,36582005748.0,0.1875541575253009,0.4971261532045901,0.3153196930885314,1653580800.0
147,28622.625,28814.90039,28554.56641,28814.90039,35519577634.0,0.1856786159500479,0.4921548916725441,0.3121664961576461,1653667200.0
148,29019.86719,29498.00977,28841.10742,29445.95703,18093886409.0,0.0586200095713138,0.4186537899076938,0.5227262303233147,1653753600.0
149,29443.36523,31949.63086,29303.57227,31726.39063,39277993274.0,0.2626687753945589,0.4404881931841373,0.2968429799657315,1653840000.0
150,31723.86523,32249.86328,31286.1543,31792.31055,33538210634.0,0.2832977881965537,0.2558201064821332,0.4608820987244447,1653926400.0
151,31792.55469,31957.28516,29501.58789,29799.08008,41135817341.0,0.0282873929374747,0.5801993865105841,0.3915132044090165,1654012800.0
152,29794.89063,30604.73438,29652.70508,30467.48828,29083562061.0,0.184450556213657,0.3580242920822153,0.4575251505399744,1654099200.0
153,30467.80664,30633.03516,29375.68945,29704.39063,26175547452.0,0.0588893122039735,0.623544578285267,0.3175661019049585,1654185600.0
154,29706.13867,29930.56445,29500.00586,29832.91406,16588370958.0,0.084747701883316,0.0350494869053363,0.8802027702331543,1654272000.0
155,29835.11719,30117.74414,29574.44922,29906.66211,17264085441.0,0.0514207370579242,0.0326324366033077,0.9159467816352844,1654358400.0
156,29910.2832,31693.29102,29894.1875,31370.67188,31947336829.0,0.3865145780146122,0.4023271517362445,0.2111582767684012,1654444800.0
157,31371.74219,31489.68359,29311.68359,31155.47852,40770974039.0,0.173254691678184,0.4266210854138163,0.400124210991304,1654531200.0
158,31151.48047,31253.69141,29944.4043,30214.35547,30242059107.0,0.1906214342875914,0.3752379027957266,0.4341406564820896,1654617600.0
159,30215.2793,30609.31055,30020.26563,30111.99805,21692004719.0,0.0777240751518143,0.4491733184291256,0.4731026076608234,1654704000.0
160,30110.33008,30245.80859,28978.14648,29083.80469,29867476527.0,0.1031404085457325,0.5287646826356649,0.3680949125438928,1654790400.0
161,29084.66602,29401.91602,28236.21289,28360.81055,27246574439.0,0.0557075142860412,0.1167928129434585,0.8274996280670166,1654876800.0
162,28373.51367,28502.68555,26762.64844,26762.64844,34163220274.0,0.0499464087188243,0.0347911156713962,0.9152625203132628,1654963200.0
163,26737.57813,26795.58984,22141.25781,22487.38867,68204556440.0,0.0356523676464955,0.7467743176966906,0.217573324839274,1655049600.0
164,22487.98633,23018.95117,20950.81836,22206.79297,50913575242.0,0.0470639805381114,0.5982079412788153,0.3547280969528051,1655136000.0
165,22196.73047,22642.67188,20178.37695,22572.83984,54912007015.0,0.103869842111387,0.5367325187068094,0.3593976487490264,1655222400.0
166,22576.30469,22868.92188,20265.22656,20381.65039,31183975654.0,0.1595277082748138,0.3295959824552902,0.51087630712069,1655308800.0
167,20385.71875,21243.3125,20326.51953,20471.48242,27132421514.0,0.1752055864781141,0.6913471749673287,0.1334472439872721,1655395200.0
168,20473.42578,20736.04102,17708.62305,19017.64258,42009436760.0,0.0136458448444803,0.8141036629676819,0.17225048939387,1655481600.0
169,19010.90234,20683.82227,18067.15234,20553.27148,35329942625.0,0.1705077849328518,0.7611640294392904,0.0683281915262341,1655568000.0
170,20553.37109,20913.32227,19689.16992,20599.53711,30818458597.0,0.0683683942382534,0.4653778315211336,0.4662537608916561,1655654400.0
171,20594.29492,21620.62891,20415.0625,20710.59766,28970212744.0,0.3150213045467223,0.3398700589979334,0.3451086264768881,1655740800.0
172,20719.41406,20835.75,19848.07813,19987.0293,28574793478.0,0.1974005946993,0.4347914341164546,0.367807955481112,1655827200.0
173,19986.60742,21135.76172,19950.11719,21085.87695,26188097173.0,0.2143790958715336,0.3399361419557993,0.4456847429807697,1655913600.0
174,21084.64844,21472.91797,20777.51172,21231.65625,24957784918.0,0.2706465735100209,0.3348312908783555,0.3945221185373763,1656000000.0
175,21233.60938,21520.91406,20964.58594,21502.33789,18372538715.0,0.2679401077749208,0.3314829779695719,0.3905768973520025,1656086400.0
176,21496.49414,21783.72461,21016.26953,21027.29492,18027170497.0,0.0483793579041957,0.6095679849386215,0.3420526757836342,1656172800.0
177,21028.23828,21478.08984,20620.19922,20735.47852,20965695707.0,0.1447704377185021,0.4298174610095365,0.4254120914265513,1656259200.0
178,20731.54492,21164.42383,20228.8125,20280.63477,21381535161.0,0.0578751207639773,0.5889915188774466,0.3531333617866039,1656345600.0
179,20281.16992,20364.15625,19937.79102,20104.02344,23552740328.0,0.092693674727343,0.6109219565987587,0.2963844079834719,1656432000.0
180,20108.3125,20141.16016,18729.65625,19784.72656,26267239923.0,0.072834925775073,0.418274251940219,0.5088908178241629,1656518400.0
181,19820.4707,20632.67188,19073.70898,19269.36719,30767551159.0,0.0601767327503434,0.4239966545387038,0.5158266161701509,1656604800.0
182,19274.83594,19371.74805,19027.08203,19242.25586,18100418740.0,0.0223841713741421,0.5911446213722229,0.3864712407812476,1656691200.0
183,19242.0957,19558.26953,18966.95117,19297.07617,16390821947.0,0.0457373484969139,0.5058275163173676,0.4484351370483637,1656777600.0
184,19297.31445,20258.74805,19063.06641,20231.26172,21594638208.0,0.0277898168191313,0.7774745658040046,0.1947356404736638,1656864000.0
185,20225.35352,20635.4668,19341.23242,20190.11523,26715546990.0,0.3142169845393962,0.4120840886607766,0.2736989267998271,1656950400.0
186,20194.61914,20595.5293,19823.51172,20548.24609,24598943708.0,0.1220533994824758,0.4230283629149198,0.4549182487119521,1657036800.0
187,20547.81445,21771.81641,20296.10352,21637.58789,25814972520.0,0.1642308356240391,0.5226456999911794,0.3131234657817653,1657123200.0
188,21637.1543,22314.94141,21257.45313,21731.11719,49899834488.0,0.2611045786602931,0.3655960558151657,0.3732993572273038,1657209600.0
189,21716.82813,21877.13867,21445.95703,21592.20703,29641127858.0,0.2584935328736901,0.361940095257014,0.3695663636550307,1657296000.0
190,21591.08008,21591.08008,20727.12305,20860.44922,28688807249.0,0.0395585447549819,0.1731622070074081,0.7872793078422546,1657382400.0
191,20856.35352,20856.35352,19924.53906,19970.55664,24150249025.0,0.187104906886816,0.5323521122336388,0.2805429843387433,1657468800.0
192,19970.47461,20043.44531,19308.53125,19323.91406,25810220018.0,0.0711359937456162,0.649061775108909,0.27980222750236,1657555200.0
193,19325.97266,20223.05273,18999.95313,20212.07422,33042430345.0,0.1074025625219712,0.5904281745449855,0.3021692548377009,1657641600.0
194,20211.4668,20789.89453,19689.25781,20569.91992,31158743333.0,0.165022867896101,0.3913918552810655,0.4435852670713383,1657728000.0
195,20573.15625,21138.24414,20397.0,20836.32813,25905575359.0,0.3440359655767679,0.144089512899518,0.5118745241314173,1657814400.0
196,20834.10352,21514.4043,20518.89844,21190.31641,24302954056.0,0.3405956059210002,0.1426486177705228,0.5067557788901031,1657900800.0
197,21195.04102,21600.64063,20778.17969,20779.34375,22927802083.0,0.0981891043484211,0.5024401172995567,0.3993707317858934,1657987200.0
198,20781.91211,22633.0332,20781.91211,22485.68945,39974475562.0,0.7196926261697497,0.106035429851285,0.174271930541311,1658073600.0
199,22467.84961,23666.96289,21683.40625,23389.43359,48765202697.0,0.3200286398367846,0.2341943304876194,0.4457770350443966,1658160000.0
200,23393.19141,24196.81836,23009.94922,23231.73242,42932549127.0,0.2594586756419051,0.4609701762145216,0.2795711566101421,1658246400.0
201,23233.20117,23388.32227,22431.14844,23164.62891,33631012204.0,0.2099341051653027,0.3536461773993714,0.4364197098516992,1658332800.0
202,23163.75195,23671.92773,22603.41602,22714.97852,31421555646.0,0.1705599977945288,0.4763310456648469,0.3531089618802071,1658419200.0
203,22706.98438,22977.21094,22002.91016,22465.47852,24021799169.0,0.0648322850465774,0.8939171433448792,0.0412505641579628,1658505600.0
204,22465.50977,22974.00195,22306.83984,22609.16406,23565495303.0,0.050017911940813,0.0547598674893379,0.8952221870422363,1658592000.0
205,22607.15625,22649.12109,21361.64258,21361.70117,35574561406.0,0.0979519931599497,0.5943787608295679,0.3076692342758179,1658678400.0
206,21361.12109,21361.12109,20776.81641,21239.75391,28624673855.0,0.1003152800135706,0.4755603916648971,0.4241243117537938,1658764800.0
207,21244.16992,22986.5293,21070.80664,22930.54883,31758955233.0,0.3622507808730006,0.2152637305669486,0.4224854866042733,1658851200.0
208,22933.64063,24110.4707,22722.26563,23843.88672,40212386158.0,0.1753752470355142,0.5007964320142161,0.3238283037631349,1658937600.0
209,23845.21289,24294.78711,23481.17383,23804.63281,35887249746.0,0.2884834565532704,0.4797817202440153,0.2317348324383298,1659024000.0
210,23796.81836,24572.58008,23580.50781,23656.20703,28148218301.0,0.2855986219877377,0.4749839030415751,0.2294174841139465,1659110400.0
211,23652.07031,24121.64258,23275.70313,23336.89648,23553591896.0,0.3140417225658893,0.225079795345664,0.4608785128220916,1659196800.0
212,23336.71875,23464.78711,22890.79688,23314.19922,25849159141.0,0.0686219360002062,0.599084275689992,0.332293799655004,1659283200.0
213,23308.43359,23415.04102,22710.08398,22978.11719,28389250717.0,0.0507357149488396,0.7022672668099403,0.2469970163785749,1659369600.0
214,22981.30273,23578.65039,22747.83594,22846.50781,26288169966.0,0.2487631057078639,0.3631020794312159,0.38813481554389,1659456000.0
215,22848.21484,23198.00977,22485.70117,22630.95703,25120229769.0,0.1384907500818371,0.6714301441796124,0.1900791159830987,1659542400.0
216,22626.83398,23422.82813,22612.17773,23289.31445,28881249043.0,0.1919850432313978,0.3848121286137029,0.4232028145343065,1659628800.0
217,23291.42383,23326.5625,22961.2793,22961.2793,15978259885.0,0.1900651927990838,0.3809640073275659,0.4189707863889634,1659715200.0
218,22963.50586,23359.00977,22894.55664,23175.89063,15886817043.0,0.6059382557868958,0.0190968494862318,0.3749648332595825,1659801600.0
219,23179.52734,24203.68945,23176.54688,23809.48633,28575544847.0,0.3158963457681238,0.2937024079396256,0.390401237378163,1659888000.0
220,23811.48438,23898.61523,22982.0,23164.31836,23555719219.0,0.1725342697737848,0.4400427450480706,0.3874229697839302,1659974400.0
221,23162.89844,24127.41406,22771.51953,23947.64258,32837431722.0,0.3165247780270874,0.2433682727472235,0.4401069615657131,1660060800.0
222,23948.3457,24822.62891,23900.99609,23957.5293,37127036580.0,0.3042745406273752,0.2782410242361948,0.4174844411900267,1660147200.0
223,23957.20313,24412.56641,23657.26563,24402.81836,27265804688.0,0.2446854872629046,0.4904806726146489,0.2648338366299868,1660233600.0
224,24402.1875,24860.05078,24346.11523,24424.06836,22987346289.0,0.0494431965053081,0.9178240299224854,0.0327328108251094,1660320000.0
225,24429.05664,24974.91406,24206.25977,24319.33398,22994133555.0,0.032558336853981,0.0470301397144794,0.9204114675521852,1660406400.0
226,24318.31641,25135.58984,23839.77539,24136.97266,35123501685.0,0.1527924502268433,0.53830456873402,0.3089029958471656,1660492800.0
227,24126.13672,24228.41602,23733.5,23883.29102,27753685646.0,0.0892285159478585,0.5287810906767845,0.381990389774243,1660579200.0
228,23881.31641,24407.05859,23243.35352,23335.99805,30931623076.0,0.1907724705250824,0.4598076649777153,0.3494198679485741,1660665600.0
229,23341.03906,23563.83203,23177.60156,23212.73828,23747613147.0,0.1255826689923803,0.4003404145439466,0.4740769342829783,1660752000.0
230,23213.3125,23213.3125,20868.84766,20877.55273,40509610260.0,0.0366919254884123,0.6281706704758108,0.3351374181608359,1660838400.0
231,20872.8418,21350.80664,20856.73047,21166.06055,27595671000.0,0.0363250062335282,0.6218889637710526,0.3317860439792275,1660924800.0
232,21160.39258,21668.8457,21103.19727,21534.12109,23102307723.0,0.0291801691055297,0.0774341449141502,0.893385648727417,1661011200.0
233,21531.46289,21531.46289,20939.18359,21398.9082,31666498758.0,0.1532856508946189,0.4698384136248093,0.3768759239464998,1661097600.0
234,21401.04492,21646.20313,20955.13867,21528.08789,31878280659.0,0.0561491118913347,0.6548923535103147,0.2889585227451541,1661184000.0
235,21526.45508,21783.07617,21195.00586,21395.01953,31962253368.0,0.1110787282443859,0.4617615908553654,0.4271596908061342,1661270400.0
236,21395.45898,21789.63672,21362.44141,21600.9043,31028679593.0,0.2667171028132239,0.3568192496274908,0.3764636524021625,1661356800.0
237,21596.08594,21804.9082,20199.48242,20260.01953,42326789564.0,0.0531659027222882,0.6842130405659025,0.2626210789788853,1661443200.0
238,20262.48047,20340.77539,19890.52344,20041.73828,30116729776.0,0.0221367944031953,0.7635692358016968,0.2142940312623977,1661529600.0
239,20041.03516,20139.05469,19616.81445,19616.81445,24366810591.0,0.0403289683163166,0.0979855433106422,0.8616854548454285,1661616000.0
240,19615.1543,20357.46289,19600.78516,20297.99414,32637854078.0,0.1025059466483071,0.5881995386444032,0.3092945223907009,1661702400.0
241,20298.61133,20542.64453,19617.64063,19796.80859,34483360283.0,0.1892953110858798,0.3224831274710595,0.4882215965539217,1661788800.0
242,19799.58203,20420.99023,19799.58203,20049.76367,33225232872.0,0.0372920100266734,0.6287878538171451,0.3339201485117276,1661875200.0
243,20050.49805,20198.39063,19653.96875,20127.14063,30182031010.0,0.0486290795871844,0.605992979871539,0.345377954439475,1661961600.0
244,20126.07227,20401.56836,19814.76563,19969.77148,29123998928.0,0.2266706355980464,0.2973643798114998,0.4759649871848523,1662048000.0
245,19969.71875,20037.00977,19698.35547,19832.08789,23613051457.0,0.1901540458202362,0.0099443979561328,0.7999016046524048,1662134400.0
246,19832.4707,19999.68945,19636.81641,19986.71289,25245861652.0,0.0809055510908365,0.1186775732785463,0.8004168272018433,1662220800.0
247,19988.78906,20031.16016,19673.04688,19812.37109,28813460025.0,0.136607702407572,0.5650393966999319,0.2983529008924961,1662307200.0
248,19817.72461,20155.26953,18800.17188,18837.66797,43403978910.0,0.2262135347700677,0.3274721777997911,0.4463142872555181,1662393600.0
249,18837.68359,19427.17188,18644.4668,19290.32422,35239757134.0,0.0603133446591741,0.5553590728736976,0.3843275946291054,1662480000.0
250,19289.94141,19417.35156,19076.71484,19329.83398,32194477850.0,0.2833756790138207,0.2580602712785968,0.458564078148741,1662566400.0
251,19328.14063,21439.41016,19310.96289,21381.15234,48469528171.0,0.4080882971485456,0.2581624293078979,0.3337492836018403,1662652800.0
252,21376.91211,21760.27539,21168.72266,21680.53906,36913738894.0,0.4040074141770601,0.2555808050148189,0.3304117907658219,1662739200.0
253,21678.54297,21770.55273,21406.94531,21769.25586,34493951963.0,0.0414799153804779,0.1493610292673111,0.809158980846405,1662825600.0
254,21770.14844,22439.18164,21603.89648,22370.44922,50212088965.0,0.1745480610523372,0.4803911794908345,0.3450607638806104,1662912000.0
255,22371.48047,22673.82031,20062.66992,20296.70703,51091116622.0,0.1435803297907114,0.4255783013999462,0.4308413667604327,1662998400.0
256,20184.55469,20467.20117,19793.39648,20241.08984,37872380889.0,0.2008975005561584,0.3347721339546536,0.4643303685282406,1663084800.0
257,20242.28906,20318.16602,19636.73438,19701.21094,36389011503.0,0.2299464658601209,0.285275587416254,0.4847779508680105,1663171200.0
258,19704.00586,19870.62891,19400.07617,19772.58398,30123362273.0,0.052615150460042,0.557695765979588,0.3896890917482475,1663257600.0
259,19777.0332,20162.53125,19777.0332,20127.57617,24957448100.0,0.0520889989554416,0.5521188083197921,0.3857922008307651,1663344000.0
260,20127.23438,20127.23438,19387.49219,19419.50586,31254779144.0,0.0505315773189067,0.1627826541662216,0.7866857647895813,1663430400.0
261,19418.57227,19639.48047,18390.31836,19544.12891,40177002624.0,0.1258691582255638,0.4884955319217764,0.385635307058692,1663516800.0
262,19545.5918,19602.45703,18813.45508,18890.78906,36791346508.0,0.1441657064068648,0.3419722489909165,0.5138620344094105,1663603200.0
263,18891.2832,19674.63086,18290.31445,18547.40039,46363793975.0,0.1659987700455214,0.4024982944171389,0.4315029284714357,1663689600.0
264,18534.65039,19456.91016,18415.5918,19413.55078,41135767926.0,0.1914128403711532,0.3325142204495413,0.4760729431041649,1663776000.0
265,19412.40039,19464.67188,18617.55273,19297.63867,38896078052.0,0.1427621517537368,0.6758130565285683,0.1814247847845157,1663862400.0
266,19296.99023,19310.19727,18861.97461,18937.01172,26149643168.0,0.1413345302361995,0.6690549259632825,0.1796105369366705,1663948800.0
267,18936.31055,19134.73242,18696.46875,18802.09766,23359966112.0,0.1121307462453842,0.6418797969818115,0.2459894567728042,1664035200.0
268,18803.90039,19274.87305,18721.28516,19222.67188,44148798321.0,0.2381037813611328,0.5269512454979122,0.2349449582397937,1664121600.0
269,19221.83984,20338.45508,18915.66797,19110.54688,58571439619.0,0.2775516610811738,0.3701084681293544,0.3523398780209176,1664208000.0
270,19104.62109,19688.34375,18553.29688,19426.7207,53071298734.0,0.098253392200503,0.4891099379811849,0.4126366562106543,1664294400.0
271,19427.7793,19589.26563,18924.35352,19573.05078,41037843771.0,0.2244257066631689,0.3209611654747277,0.4546131218085065,1664380800.0
272,19573.43164,20109.84961,19265.66211,19431.78906,43975248085.0,0.1329808197915554,0.3978477507415745,0.4691714352617661,1664467200.0
273,19431.10547,19471.1543,19231.08203,19312.0957,18719537670.0,0.1316510115936398,0.3938692732341587,0.4644797209091484,1664553600.0
274,19311.84961,19370.30859,18970.62109,19044.10742,20765955327.0,0.0357341654598712,0.4029198288917541,0.5613460540771484,1664640000.0
275,19044.06836,19653.54297,19025.22656,19623.58008,30484729489.0,0.1425584764643148,0.4202687762339007,0.4371727602556348,1664726400.0
276,19623.58398,20380.34375,19523.83984,20336.84375,35887278685.0,0.3375399395202597,0.1792197048198431,0.4832403723460932,1664812800.0
277,20335.90039,20343.74805,19801.80078,20160.7168,33223790572.0,0.2323020106520165,0.3010629839687185,0.4666350079192357,1664899200.0
278,20161.03906,20408.39258,19900.08789,19955.44336,34711412966.0,0.2776339480963846,0.4567896197549999,0.2655764384350429,1664985600.0
279,19957.55859,20041.08594,19395.79297,19546.84961,29227315390.0,0.0907690493040718,0.5296880429959856,0.3795429224846884,1665072000.0
280,19546.32813,19601.69531,19299.41406,19416.56836,16437423167.0,0.089861358811031,0.5243911625660257,0.3757474932598416,1665158400.0
281,19417.47852,19542.53906,19349.25977,19446.42578,16837262532.0,0.2737968402604262,0.2090746151904265,0.5171285197138786,1665244800.0
282,19446.41602,19515.4668,19102.97852,19141.48438,27425022774.0,0.130838456749916,0.4879395364783704,0.3812219798564911,1665331200.0
283,19139.0,19241.96094,18925.60352,19051.41797,28711532910.0,0.1082454611498274,0.486029499798621,0.4057250468942679,1665417600.0
284,19052.64648,19203.19922,19029.75781,19157.44531,24950173846.0,0.2622766841202974,0.4663562130182981,0.271367093672355,1665504000.0
285,19156.9668,19453.32813,18319.82227,19382.9043,44219840004.0,0.2470081676418582,0.4202804162167012,0.3327114359786113,1665590400.0
286,19382.5332,19889.14648,19115.4082,19185.65625,38452356727.0,0.2159315539818061,0.2428845878886549,0.5411838681290024,1665676800.0
287,19185.4375,19212.54102,19019.25,19067.63477,16192235532.0,0.213772238441988,0.2404557420097683,0.5357720294477124,1665763200.0
288,19068.91406,19389.60352,19068.91406,19268.09375,17988916650.0,0.5235649943351746,0.139018714427948,0.337416261434555,1665849600.0
289,19268.5625,19635.80273,19173.33398,19550.75781,27472552998.0,0.3156749832133452,0.3189205813532074,0.3654044384757677,1665936000.0
290,19550.4668,19666.99414,19144.76953,19334.41602,30580012344.0,0.1394966781139373,0.2563774499110877,0.6041258798912168,1666022400.0
291,19335.02734,19348.41602,19127.6875,19139.53516,22425387184.0,0.0443443957982318,0.5307478145030993,0.4249078040676458,1666108800.0
292,19138.08594,19315.19922,18971.45898,19053.74023,24493974420.0,0.0616098254775771,0.6761351974251179,0.2622549763092628,1666195200.0
293,19053.20313,19237.38477,18770.9707,19172.46875,32459287866.0,0.2252453352239999,0.4076357350092042,0.3671189229935407,1666281600.0
294,19172.38086,19248.06836,19132.24414,19208.18945,16104440957.0,0.2229928818717599,0.4035593776591122,0.3634477337636053,1666368000.0
295,19207.73438,19646.65234,19124.19727,19567.00781,22128794335.0,0.0493610426783561,0.1379108130931854,0.8127281665802002,1666454400.0
296,19567.76953,19589.125,19206.32422,19345.57227,30202235805.0,0.1545705984036127,0.3191128396739562,0.5263165598114331,1666540800.0
297,19344.96484,20348.41211,19261.44727,20095.85742,47761524910.0,0.3311390158720314,0.2604814970865846,0.4083794916979968,1666627200.0
298,20092.23633,20938.13477,20076.11719,20770.44141,58895950537.0,0.3218493631242641,0.3159830195030996,0.3621676142460533,1666713600.0
299,20772.80273,20854.04492,20255.37305,20285.83594,49625110402.0,0.1203801797025583,0.5342229540375146,0.3453968661752614,1666800000.0
300,20287.95703,20724.98047,20086.06836,20595.35156,43994715910.0,0.2385151556486057,0.4219386557944947,0.3395461825033029,1666886400.0
301,20595.10352,20988.39453,20566.48438,20818.47656,40369840645.0,0.0625381395220756,0.0145774409174919,0.922884464263916,1666972800.0
302,20817.98242,20917.00586,20547.46289,20635.60352,31486345556.0,0.0890754610300064,0.5357658267021179,0.3751586377620697,1667059200.0
303,20633.69531,20795.32031,20287.45898,20495.77344,45668466815.0,0.1655682616613128,0.492212505841797,0.3422192460434003,1667145600.0
304,20494.89844,20647.28906,20359.8457,20485.27344,39819303159.0,0.2958787483604331,0.4849462309166005,0.219175019546559,1667232000.0
305,20482.95898,20742.81055,20087.13477,20159.50391,55552169483.0,0.2391172499085466,0.5227657647803425,0.2381169923891623,1667318400.0
306,20162.68945,20382.0957,20086.24023,20209.98828,43228750179.0,0.1402672075459526,0.5434789748138024,0.3162538287643757,1667404800.0
307,20208.76953,21209.56055,20188.01953,21147.23047,64072727950.0,0.2654614323893419,0.4066630036641772,0.3278755640181211,1667491200.0
308,21144.83203,21446.88672,21097.63477,21282.69141,37846047609.0,0.2047045081853866,0.0320375859737396,0.7632579207420349,1667577600.0
309,21285.05664,21345.37695,20920.19141,20926.48633,35082693210.0,0.0335682779550552,0.5227439999580383,0.4436876773834228,1667664000.0
310,20924.62109,21053.24609,20489.97266,20602.81641,53510852236.0,0.0512318881228566,0.6107105341895173,0.3380575991856555,1667750400.0
311,20600.67188,20664.60742,17603.54492,18541.27148,118992000000.0,0.0335917634074576,0.7710204930044711,0.1953877571504563,1667836800.0
312,18543.76172,18590.45898,15682.69238,15880.78027,102905000000.0,0.0295178448585303,0.7581787807376761,0.2123033839621042,1667923200.0
313,15883.1582,18054.3125,15834.01856,17586.77148,83202283721.0,0.1656405482208356,0.6060755919315852,0.2282838604878634,1668009600.0
314,17583.25195,17650.94336,16543.48242,17034.29297,55871616488.0,0.1032685043290257,0.593219639112552,0.303511868044734,1668096000.0
315,17036.875,17066.67578,16651.77539,16799.18555,29717699419.0,0.060660608112812,0.3982626758515835,0.5410767197608948,1668182400.0
316,16799.72266,16920.76563,16320.63477,16353.36523,27209183682.0,0.0668848368028799,0.4752077783147494,0.4579073786735534,1668268800.0
317,16352.02832,17109.32422,15872.94141,16618.19922,49630243054.0,0.1402131687408607,0.6922381234502322,0.167548702441548,1668355200.0
318,16617.48438,17051.96289,16542.55078,16884.61328,36599436183.0,0.1499778409911827,0.5788091915574941,0.2712130018255927,1668441600.0
319,16884.3418,16960.29492,16430.11133,16669.43945,33925512989.0,0.1170426529832184,0.8507063232362271,0.0322510189376771,1668528000.0
320,16670.42578,16726.43945,16460.68359,16687.51758,27868914022.0,0.1653855929284223,0.4085143422707915,0.4261000650003552,1668614400.0
321,16687.91211,16947.05859,16564.61133,16697.77734,26862218609.0,0.1257446398958563,0.6713337395340204,0.2029216179624199,1668700800.0
322,16696.2207,16797.87695,16570.41016,16711.54688,16106223492.0,0.1244871934968978,0.6646204021386802,0.2008924017827957,1668787200.0
323,16712.91992,16746.7793,16248.69238,16291.83203,21313378652.0,0.0514157637953758,0.0281868372112512,0.920397400856018,1668873600.0
324,16291.22363,16291.22363,15599.04688,15787.28418,37429485518.0,0.0362242310075089,0.7999276431898276,0.1638481163730224,1668960000.0
325,15782.30078,16253.04785,15656.60645,16189.76953,30726828760.0,0.1769746900177919,0.6524962737010076,0.1705290352782378,1669046400.0
326,16195.58887,16638.19336,16170.50293,16610.70703,32958875628.0,0.2005125280808318,0.3968604356050491,0.4026270491833036,1669132800.0
327,16611.63672,16771.47461,16501.76758,16604.46484,26129037414.0,0.2521170261316001,0.4186817342415452,0.3292012633755803,1669219200.0
328,16602.26953,16603.31641,16388.4043,16521.8418,18678255976.0,0.0349438283592462,0.7316880881786346,0.2333680968731641,1669305600.0
329,16521.57617,16666.86328,16416.22852,16464.28125,18000008764.0,0.0219185315072536,0.7059355974197388,0.2721458971500397,1669392000.0
330,16463.88281,16594.40625,16437.02539,16444.62695,20443898509.0,0.4085446298122406,0.0817535649985075,0.5097018554806709,1669478400.0
331,16440.22266,16482.93359,16054.53027,16217.32227,27743025156.0,0.0634702803300959,0.5489725183163371,0.3875571699546916,1669564800.0
332,16217.63965,16522.25781,16139.39648,16444.98242,23581685468.0,0.0404484817758202,0.9178297638893128,0.041721748560667,1669651200.0
333,16445.47656,17190.9375,16445.47656,17168.56641,29523576583.0,0.1560654274516684,0.540497927871697,0.3034366331994533,1669737600.0
334,17168.00195,17197.49805,16888.38867,16967.13281,22895392882.0,0.2010460781554381,0.4891792088747024,0.3097747013800674,1669824000.0
335,16968.68359,17088.66016,16877.88086,17088.66016,19539705127.0,0.179401032316188,0.777450313170751,0.0431486687933405,1669910400.0
336,17090.09766,17116.04102,16888.14063,16908.23633,16217776704.0,0.1776070219930261,0.7696758100390435,0.0427171821054071,1669996800.0
337,16908.16992,17157.76758,16903.43945,17130.48633,16824520830.0,0.0281215440481901,0.0861365273594856,0.8857418894767761,1670083200.0
338,17128.89453,17378.15234,16922.43164,16974.82617,22209086834.0,0.0950224855569777,0.2684911769918269,0.6364863372097412,1670169600.0
339,16975.23828,17091.86328,16939.92188,17089.50391,19889922369.0,0.1542172376782848,0.6374588287793673,0.2083239541030847,1670256000.0
340,17089.50586,17109.37695,16750.55859,16848.12695,19675404389.0,0.1719782246897618,0.4357852144166827,0.3922365335747599,1670342400.0
341,16847.34961,17267.91602,16788.7832,17233.47461,20496603770.0,0.1753204042091965,0.4649750187061727,0.3597045879811048,1670428800.0
342,17232.14844,17280.54688,17100.83594,17133.15234,20328426366.0,0.1491668887902051,0.4314673218565683,0.4193657919143637,1670515200.0
343,17134.2207,17216.82617,17120.68359,17128.72461,12706781969.0,0.147675219902303,0.4271526486380025,0.41517213399522,1670601600.0
344,17129.71094,17245.63477,17091.82031,17104.19336,14122486832.0,0.0453962460160255,0.5023139603435993,0.4522898234426975,1670688000.0
345,17102.5,17212.56445,16899.39453,17206.4375,19617581341.0,0.1432581138279703,0.6418724822708302,0.2148694021420346,1670774400.0
346,17206.44141,17930.08594,17111.76367,17781.31836,26634741631.0,0.1260244348933073,0.4778895718468861,0.3960859949531203,1670860800.0
347,17782.06641,18318.53125,17739.51367,17815.65039,25534481470.0,0.1525028540885874,0.6501574154411044,0.197339713972594,1670947200.0
348,17813.64453,17846.74414,17322.58984,17364.86523,20964448341.0,0.099350958046588,0.6586679428477179,0.2419810835272073,1671033600.0
349,17364.54688,17505.52539,16584.70117,16647.48438,24031608960.0,0.0521624314598739,0.6881040664389729,0.2597335115075111,1671120000.0
350,16646.98242,16800.58984,16614.0293,16795.0918,14463581825.0,0.0516408071452751,0.6812230257745832,0.257136176392436,1671206400.0
351,16795.60938,16815.38672,16697.82031,16757.97656,10924354698.0,0.0333742648363113,0.2897460758686065,0.6768796443939209,1671292800.0
352,16759.04102,16807.52734,16398.13672,16439.67969,17221074814.0,0.2004308296988407,0.4094492626221229,0.390119906514883,1671379200.0
353,16441.78711,17012.98438,16427.86719,16906.30469,22722096615.0,0.1671492356186111,0.3487266133849819,0.4841241740932067,1671465600.0
354,16904.52734,16916.80078,16755.91211,16817.53516,14882945045.0,0.084604180831876,0.4089328837580979,0.5064629223197699,1671552000.0
355,16818.38086,16866.67383,16592.4082,16830.3418,16441573050.0,0.0436083597059433,0.5441007540346339,0.4122908932085221,1671638400.0
356,16829.64453,16905.21875,16794.45898,16796.95313,15329265213.0,0.0993519845263411,0.4519544063756863,0.4486936060711741,1671724800.0
357,16796.97656,16864.70313,16793.52734,16847.75586,9744636213.0,0.0983584646810777,0.4474348623119294,0.4442066700104624,1671811200.0
358,16847.50586,16860.55469,16755.25391,16841.98633,11656379938.0,0.0287781376391649,0.5118415355682373,0.4593803584575653,1671897600.0
359,16842.25,16920.12305,16812.36914,16919.80469,11886957804.0,0.3223675765718023,0.3759185994664828,0.3017137944698334,1671984000.0
360,16919.29102,16959.8457,16642.07227,16717.17383,15748580239.0,0.084314975887537,0.165365799019734,0.750319222609202,1672070400.0
361,16716.40039,16768.16992,16497.55664,16552.57227,17005713920.0,0.3337094811722636,0.4779653068631887,0.1883251994848251,1672156800.0
362,16552.32227,16651.75586,16508.68359,16642.3418,14472237479.0,0.0663031765984164,0.5827138181775808,0.3509829744903577,1672243200.0
363,16641.33008,16643.42773,16408.47461,16602.58594,15929162910.0,0.1961571335792541,0.5221093118190765,0.2817335888743401,1672329600.0
364,16603.67383,16628.98633,16517.51953,16547.49609,11239186456.0,0.1941955622434616,0.5168882187008857,0.2789162529855967,1672416000.0
