,Date,Open,High,Low,Close,Adj Close,Volume
2315,2021/2/1,33114.57813,34638.21484,32384.22852,33537.17578,33537.17578,61400400660.0
2316,2021/2/2,33533.19922,35896.88281,33489.21875,35510.28906,35510.28906,63088585433.0
2317,2021/2/3,35510.82031,37480.1875,35443.98438,37472.08984,37472.08984,61166818159.0
2318,2021/2/4,37475.10547,38592.17578,36317.5,36926.06641,36926.06641,68838074392.0
2319,2021/2/5,36931.54688,38225.90625,36658.76172,38144.30859,38144.30859,58598066402.0
2320,2021/2/6,38138.38672,40846.54688,38138.38672,39266.01172,39266.01172,71326033653.0
2321,2021/2/7,39250.19141,39621.83594,37446.15234,38903.44141,38903.44141,65500641143.0
2322,2021/2/8,38886.82813,46203.92969,38076.32422,46196.46484,46196.46484,101467000000.0
2323,2021/2/9,46184.99219,48003.72266,45166.96094,46481.10547,46481.10547,91809846886.0
2324,2021/2/10,46469.76172,47145.56641,43881.15234,44918.18359,44918.18359,87301089896.0
2325,2021/2/11,44898.71094,48463.46875,44187.76172,47909.33203,47909.33203,81388911810.0
2326,2021/2/12,47877.03516,48745.73438,46424.97656,47504.85156,47504.85156,76555041196.0
2327,2021/2/13,47491.20313,48047.74609,46392.28125,47105.51563,47105.51563,70250456155.0
2328,2021/2/14,47114.50781,49487.64063,47114.50781,48717.28906,48717.28906,71248675228.0
2329,2021/2/15,48696.53516,48875.57031,46347.47656,47945.05859,47945.05859,77069903166.0
2330,2021/2/16,47944.45703,50341.10156,47201.30469,49199.87109,49199.87109,77049582886.0
2331,2021/2/17,49207.27734,52533.91406,49072.37891,52149.00781,52149.00781,80820545404.0
2332,2021/2/18,52140.97266,52474.10547,51015.76563,51679.79688,51679.79688,52054723579.0
2333,2021/2/19,51675.98047,56113.65234,50937.27734,55888.13281,55888.13281,63495496918.0
2334,2021/2/20,55887.33594,57505.22656,54626.55859,56099.51953,56099.51953,68145460026.0
2335,2021/2/21,56068.56641,58330.57031,55672.60938,57539.94531,57539.94531,51897585191.0
2336,2021/2/22,57532.73828,57533.39063,48967.56641,54207.32031,54207.32031,92052420332.0
2337,2021/2/23,54204.92969,54204.92969,45290.58984,48824.42578,48824.42578,106102000000.0
2338,2021/2/24,48835.08594,51290.13672,47213.5,49705.33203,49705.33203,63695521388.0
2339,2021/2/25,49709.08203,51948.96875,47093.85156,47093.85156,47093.85156,54506565949.0
2340,2021/2/26,47180.46484,48370.78516,44454.84375,46339.76172,46339.76172,350968000000.0
2341,2021/2/27,46344.77344,48253.26953,45269.02734,46188.45313,46188.45313,45910946382.0
2342,2021/2/28,46194.01563,46716.42969,43241.61719,45137.76953,45137.76953,53443887451.0
2343,2021/3/1,45159.50391,49784.01563,45115.09375,49631.24219,49631.24219,53891300112.0
2344,2021/3/2,49612.10547,50127.51172,47228.84375,48378.98828,48378.98828,47530897720.0
2345,2021/3/3,48415.81641,52535.13672,48274.32031,50538.24219,50538.24219,53220811975.0
2346,2021/3/4,50522.30469,51735.08984,47656.92969,48561.16797,48561.16797,52343816680.0
2347,2021/3/5,48527.03125,49396.42969,46542.51563,48927.30469,48927.30469,48625928883.0
2348,2021/3/6,48899.23047,49147.21875,47257.52734,48912.38281,48912.38281,34363564661.0
2349,2021/3/7,48918.67969,51384.36719,48918.67969,51206.69141,51206.69141,43137459378.0
2350,2021/3/8,51174.11719,52314.07031,49506.05469,52246.52344,52246.52344,48597428048.0
2351,2021/3/9,52272.96875,54824.11719,51981.83203,54824.11719,54824.11719,50912227385.0
2352,2021/3/10,54824.01172,57258.25391,53290.89063,56008.55078,56008.55078,57295577614.0
2353,2021/3/11,55963.17969,58091.0625,54484.59375,57805.12109,57805.12109,56772343595.0
2354,2021/3/12,57821.21875,57996.62109,55376.64844,57332.08984,57332.08984,55689944702.0
2355,2021/3/13,57343.37109,61683.86328,56217.97266,61243.08594,61243.08594,60669829814.0
2356,2021/3/14,61221.13281,61597.91797,59302.31641,59302.31641,59302.31641,43901225564.0
2357,2021/3/15,59267.42969,60540.99219,55393.16406,55907.19922,55907.19922,66419369890.0
2358,2021/3/16,55840.78516,56833.17969,53555.02734,56804.90234,56804.90234,59749798599.0
2359,2021/3/17,56825.82813,58969.81641,54528.62891,58870.89453,58870.89453,60258313191.0
2360,2021/3/18,58893.07813,60116.25,54253.57813,57858.92188,57858.92188,55746041000.0
2361,2021/3/19,57850.44141,59498.375,56643.70313,58346.65234,58346.65234,49063873786.0
2362,2021/3/20,58332.26172,60031.28516,58213.29688,58313.64453,58313.64453,50361731222.0
2363,2021/3/21,58309.91406,58767.89844,56005.61719,57523.42188,57523.42188,51943414539.0
2364,2021/3/22,57517.89063,58471.48047,54288.15625,54529.14453,54529.14453,56521454974.0
2365,2021/3/23,54511.66016,55985.44141,53470.69531,54738.94531,54738.94531,56435023914.0
2366,2021/3/24,54710.48828,57262.38281,52514.33203,52774.26563,52774.26563,70567223787.0
2367,2021/3/25,52726.74609,53392.38672,50856.57031,51704.16016,51704.16016,67999812841.0
2368,2021/3/26,51683.01172,55137.3125,51579.85547,55137.3125,55137.3125,56652197978.0
2369,2021/3/27,55137.56641,56568.21484,54242.91016,55973.51172,55973.51172,47266542233.0
2370,2021/3/28,55974.94141,56610.3125,55071.11328,55950.74609,55950.74609,47686580918.0
2371,2021/3/29,55947.89844,58342.09766,55139.33984,57750.19922,57750.19922,57625587027.0
2372,2021/3/30,57750.13281,59447.22266,57251.55078,58917.69141,58917.69141,54414116432.0
2373,2021/3/31,58930.27734,59930.02734,57726.41797,58918.83203,58918.83203,65520826225.0
2374,2021/4/1,58926.5625,59586.07031,58505.27734,59095.80859,59095.80859,61669163792.0
2375,2021/4/2,59098.87891,60267.1875,58869.28125,59384.3125,59384.3125,58727860620.0
2376,2021/4/3,59397.41016,60110.26953,57603.89063,57603.89063,57603.89063,59641344484.0
2377,2021/4/4,57604.83984,58913.74609,57168.67578,58758.55469,58758.55469,50749662970.0
2378,2021/4/5,58760.875,59891.29688,57694.82422,59057.87891,59057.87891,60706272115.0
2379,2021/4/6,59171.93359,59479.57813,57646.80859,58192.35938,58192.35938,66058027988.0
2380,2021/4/7,58186.50781,58731.14453,55604.02344,56048.9375,56048.9375,75645303584.0
2381,2021/4/8,56099.91406,58338.73828,55879.08594,58323.95313,58323.95313,53053855641.0
2382,2021/4/9,58326.5625,58937.04688,57807.86328,58245.00391,58245.00391,46655208546.0
2383,2021/4/10,58253.77734,61276.66406,58038.70703,59793.23438,59793.23438,58238470525.0
2384,2021/4/11,59846.23047,60790.55469,59289.79688,60204.96484,60204.96484,46280252580.0
2385,2021/4/12,60175.94531,61253.03516,59589.875,59893.45313,59893.45313,51828688519.0
2386,2021/4/13,59890.01953,63742.28516,59869.95703,63503.45703,63503.45703,69983454362.0
2387,2021/4/14,63523.75391,64863.09766,61554.79688,63109.69531,63109.69531,77451779687.0
2388,2021/4/15,63075.19531,63821.67188,62208.96484,63314.01172,63314.01172,60954381579.0
2389,2021/4/16,63258.50391,63594.72266,60222.53125,61572.78906,61572.78906,84293007468.0
2390,2021/4/17,61529.92188,62572.17578,60361.35156,60683.82031,60683.82031,66138759198.0
2391,2021/4/18,60701.88672,61057.45703,52829.53516,56216.18359,56216.18359,97468872758.0
2392,2021/4/19,56191.58594,57520.05469,54368.59375,55724.26563,55724.26563,65344865159.0
2393,2021/4/20,55681.79297,57062.14844,53448.04688,56473.03125,56473.03125,67849323955.0
2394,2021/4/21,56471.12891,56757.97266,53695.46875,53906.08984,53906.08984,54926612466.0
2395,2021/4/22,53857.10547,55410.23047,50583.8125,51762.27344,51762.27344,74798630778.0
2396,2021/4/23,51739.80859,52120.79297,47714.66406,51093.65234,51093.65234,86668667320.0
2397,2021/4/24,51143.22656,51167.5625,48805.28516,50050.86719,50050.86719,49014494781.0
2398,2021/4/25,50052.83203,50506.01953,47159.48438,49004.25391,49004.25391,46117114240.0
2399,2021/4/26,49077.79297,54288.00391,48852.79688,54021.75391,54021.75391,58284039825.0
2400,2021/4/27,54030.30469,55416.96484,53319.1875,55033.11719,55033.11719,49448222757.0
2401,2021/4/28,55036.63672,56227.20703,53887.91797,54824.70313,54824.70313,48000572955.0
2402,2021/4/29,54858.08984,55115.84375,52418.02734,53555.10938,53555.10938,46088929780.0
2403,2021/4/30,53568.66406,57900.71875,53129.60156,57750.17578,57750.17578,52395931985.0
2404,2021/5/1,57714.66406,58448.33984,57052.27344,57828.05078,57828.05078,42836427360.0
2405,2021/5/2,57825.86328,57902.59375,56141.90625,56631.07813,56631.07813,38177405335.0
2406,2021/5/3,56620.27344,58973.30859,56590.87109,57200.29297,57200.29297,51713139031.0
2407,2021/5/4,57214.17969,57214.17969,53191.42578,53333.53906,53333.53906,68564706967.0
2408,2021/5/5,53252.16406,57911.36328,52969.05469,57424.00781,57424.00781,69241316747.0
2409,2021/5/6,57441.30859,58363.31641,55382.50781,56396.51563,56396.51563,69523285106.0
2410,2021/5/7,56413.95313,58606.63281,55321.84766,57356.40234,57356.40234,68434023376.0
2411,2021/5/8,57352.76563,59464.61328,56975.21094,58803.77734,58803.77734,65382980634.0
2412,2021/5/9,58877.39063,59210.88281,56482.00391,58232.31641,58232.31641,65906690347.0
2413,2021/5/10,58250.87109,59519.35547,54071.45703,55859.79688,55859.79688,71776546298.0
2414,2021/5/11,55847.24219,56872.54297,54608.65234,56704.57422,56704.57422,61308396325.0
2415,2021/5/12,56714.53125,57939.36328,49150.53516,49150.53516,49150.53516,75215403907.0
2416,2021/5/13,49735.43359,51330.84375,46980.01953,49716.19141,49716.19141,96721152926.0
2417,2021/5/14,49682.98047,51438.11719,48868.57813,49880.53516,49880.53516,55737497453.0
2418,2021/5/15,49855.49609,50639.66406,46664.14063,46760.1875,46760.1875,59161047474.0
2419,2021/5/16,46716.63672,49720.04297,43963.35156,46456.05859,46456.05859,64047871555.0
2420,2021/5/17,46415.89844,46623.55859,42207.28906,43537.51172,43537.51172,74903638450.0
2421,2021/5/18,43488.05859,45812.45703,42367.83203,42909.40234,42909.40234,56187365084.0
2422,2021/5/19,42944.97656,43546.11719,30681.49609,37002.44141,37002.44141,126358000000.0
2423,2021/5/20,36753.66797,42462.98438,35050.61719,40782.73828,40782.73828,88281943359.0
2424,2021/5/21,40596.94922,42172.17188,33616.45313,37304.69141,37304.69141,82051616861.0
2425,2021/5/22,37371.03125,38831.05469,35383.68359,37536.63281,37536.63281,57377273240.0
2426,2021/5/23,37531.44922,38289.21875,31227.33984,34770.58203,34770.58203,78469274361.0
2427,2021/5/24,34700.36328,39835.14063,34551.08203,38705.98047,38705.98047,67359584098.0
2428,2021/5/25,38795.78125,39776.35156,36581.42969,38402.22266,38402.22266,56211915803.0
2429,2021/5/26,38392.625,40782.07813,37905.83594,39294.19922,39294.19922,51346735160.0
2430,2021/5/27,39316.89063,40379.61719,37247.90234,38436.96875,38436.96875,43210968721.0
2431,2021/5/28,38507.08203,38856.96875,34779.03906,35697.60547,35697.60547,55200191952.0
2432,2021/5/29,35684.15625,37234.5,33693.92969,34616.06641,34616.06641,45231013335.0
2433,2021/5/30,34607.40625,36400.66797,33520.73828,35678.12891,35678.12891,31646080921.0
2434,2021/5/31,35658.59375,37468.25,34241.94531,37332.85547,37332.85547,39009847639.0
2435,2021/6/1,37293.79297,37896.73438,35787.08594,36684.92578,36684.92578,34639423297.0
2436,2021/6/2,36699.92188,38231.33984,35966.30859,37575.17969,37575.17969,33070867190.0
2437,2021/6/3,37599.41016,39478.95313,37243.97266,39208.76563,39208.76563,35460750427.0
2438,2021/6/4,39242.48438,39242.48438,35717.72266,36894.40625,36894.40625,41831090187.0
2439,2021/6/5,36880.15625,37917.71484,34900.41406,35551.95703,35551.95703,35959473399.0
2440,2021/6/6,35538.60938,36436.42188,35304.57813,35862.37891,35862.37891,28913440585.0
2441,2021/6/7,35835.26563,36790.57031,33480.64063,33560.70703,33560.70703,33683936663.0
2442,2021/6/8,33589.51953,34017.38672,31114.44336,33472.63281,33472.63281,49902050442.0
2443,2021/6/9,33416.97656,37537.37109,32475.86523,37345.12109,37345.12109,53972919008.0
2444,2021/6/10,37389.51563,38334.32422,35847.59375,36702.59766,36702.59766,43576032854.0
2445,2021/6/11,36697.03125,37608.69531,36044.44922,37334.39844,37334.39844,38699736985.0
2446,2021/6/12,37340.14453,37408.92578,34728.19141,35552.51563,35552.51563,37924228550.0
2447,2021/6/13,35555.78906,39322.78125,34864.10938,39097.85938,39097.85938,40669112838.0
2448,2021/6/14,39016.96875,40978.36328,38757.28516,40218.47656,40218.47656,43148914673.0
2449,2021/6/15,40427.16797,41295.26953,39609.46875,40406.26953,40406.26953,46420149185.0
2450,2021/6/16,40168.69141,40516.77734,38176.03516,38347.0625,38347.0625,39211635100.0
2451,2021/6/17,38341.42188,39513.67188,37439.67578,38053.50391,38053.50391,37096670047.0
2452,2021/6/18,38099.47656,38187.26172,35255.85547,35787.24609,35787.24609,36200887275.0
2453,2021/6/19,35854.52734,36457.79688,34933.0625,35615.87109,35615.87109,31207279719.0
2454,2021/6/20,35563.14063,36059.48438,33432.07422,35698.29688,35698.29688,36664034054.0
2455,2021/6/21,35641.14453,35721.64063,31295.93555,31676.69336,31676.69336,52809038594.0
2456,2021/6/22,31622.37695,33292.45313,28893.62109,32505.66016,32505.66016,58964353058.0
2457,2021/6/23,32515.71484,34753.41016,31772.63281,33723.02734,33723.02734,46317108925.0
2458,2021/6/24,33682.80078,35228.85156,32385.21484,34662.4375,34662.4375,33123368116.0
2459,2021/6/25,34659.10547,35487.24609,31350.88477,31637.7793,31637.7793,40230904226.0
2460,2021/6/26,31594.66406,32637.58789,30184.50195,32186.27734,32186.27734,38585385521.0
2461,2021/6/27,32287.52344,34656.12891,32071.75781,34649.64453,34649.64453,35511640894.0
2462,2021/6/28,34679.12109,35219.89063,33902.07422,34434.33594,34434.33594,33892523752.0
2463,2021/6/29,34475.55859,36542.10938,34252.48438,35867.77734,35867.77734,37901460044.0
2464,2021/6/30,35908.38672,36074.75781,34086.15234,35040.83594,35040.83594,34059036099.0
2465,2021/7/1,35035.98438,35035.98438,32883.78125,33572.11719,33572.11719,37838957079.0
2466,2021/7/2,33549.60156,33939.58984,32770.67969,33897.04688,33897.04688,38728974942.0
2467,2021/7/3,33854.42188,34909.26172,33402.69531,34668.54688,34668.54688,24383958643.0
2468,2021/7/4,34665.56641,35937.56641,34396.47656,35287.78125,35287.78125,24924307911.0
2469,2021/7/5,35284.34375,35284.34375,33213.66016,33746.00391,33746.00391,26721554282.0
2470,2021/7/6,33723.50781,35038.53516,33599.91797,34235.19531,34235.19531,26501259870.0
2471,2021/7/7,34225.67969,34997.66406,33839.28906,33855.32813,33855.32813,24796027477.0
2472,2021/7/8,33889.60547,33907.90625,32133.18359,32877.37109,32877.37109,29910396946.0
2473,2021/7/9,32861.67188,34042.29297,32318.88086,33798.01172,33798.01172,27436021028.0
2474,2021/7/10,33811.24219,34209.07031,33116.01172,33520.51953,33520.51953,22971873468.0
2475,2021/7/11,33509.07813,34584.70313,33346.73828,34240.1875,34240.1875,20108729370.0
2476,2021/7/12,34254.01563,34592.15625,32697.30859,33155.84766,33155.84766,24321499537.0
2477,2021/7/13,33125.46875,33327.10156,32261.41992,32702.02539,32702.02539,19120856669.0
2478,2021/7/14,32723.8457,33061.39844,31639.125,32822.34766,32822.34766,21376531210.0
2479,2021/7/15,32827.875,33159.64063,31175.70898,31780.73047,31780.73047,21300524237.0
2480,2021/7/16,31841.55078,32218.40625,31100.67383,31421.53906,31421.53906,23699476918.0
2481,2021/7/17,31397.30859,31935.94531,31223.99023,31533.06836,31533.06836,18895018942.0
2482,2021/7/18,31533.88477,32398.99609,31215.49219,31796.81055,31796.81055,18787986667.0
2483,2021/7/19,31800.01172,31885.85938,30563.73438,30817.83203,30817.83203,20434789545.0
2484,2021/7/20,30838.28516,31006.1875,29360.95508,29807.34766,29807.34766,23148267245.0
2485,2021/7/21,29796.28516,32752.32617,29526.18359,32110.69336,32110.69336,28203024559.0
2486,2021/7/22,32138.87305,32576.40039,31745.29883,32313.10547,32313.10547,19555230518.0
2487,2021/7/23,32305.95898,33581.55078,32057.89258,33581.55078,33581.55078,22552046192.0
2488,2021/7/24,33593.73047,34490.39063,33424.85938,34292.44531,34292.44531,21664706865.0
2489,2021/7/25,34290.29297,35364.92578,33881.83594,35350.1875,35350.1875,20856685287.0
2490,2021/7/26,35384.03125,40499.67578,35287.3125,37337.53516,37337.53516,51022126212.0
2491,2021/7/27,37276.03516,39406.94141,36441.72656,39406.94141,39406.94141,35097370560.0
2492,2021/7/28,39503.1875,40816.07031,38862.4375,39995.90625,39995.90625,38702404695.0
2493,2021/7/29,39995.45313,40593.07031,39352.05859,40008.42188,40008.42188,27167146027.0
2494,2021/7/30,40027.48438,42235.54688,38397.35547,42235.54688,42235.54688,33072782960.0
2495,2021/7/31,42196.30469,42231.44922,41110.83203,41626.19531,41626.19531,25802845343.0
2496,2021/8/1,41460.84375,42541.67969,39540.94141,39974.89453,39974.89453,26688438115.0
2497,2021/8/2,39907.26172,40419.17969,38746.34766,39201.94531,39201.94531,25595265436.0
2498,2021/8/3,39178.40234,39750.03125,37782.05078,38152.98047,38152.98047,26189830450.0
2499,2021/8/4,38213.33203,39952.29688,37589.16406,39747.50391,39747.50391,25372562724.0
2500,2021/8/5,39744.51563,41341.93359,37458.00391,40869.55469,40869.55469,35185031017.0
2501,2021/8/6,40865.86719,43271.66016,39932.17969,42816.5,42816.5,38226483046.0
2502,2021/8/7,42832.79688,44689.85938,42618.56641,44555.80078,44555.80078,40030862141.0
2503,2021/8/8,44574.4375,45282.35156,43331.91016,43798.11719,43798.11719,36302664750.0
2504,2021/8/9,43791.92578,46456.83203,42848.6875,46365.40234,46365.40234,38734079049.0
2505,2021/8/10,46280.84766,46637.98828,44705.55469,45585.03125,45585.03125,33546019517.0
2506,2021/8/11,45599.70313,46735.63281,45351.71094,45593.63672,45593.63672,34319709073.0
2507,2021/8/12,45576.87891,46228.91016,43861.44531,44428.28906,44428.28906,33723620826.0
2508,2021/8/13,44439.69141,47831.97656,44282.41797,47793.32031,47793.32031,31744259539.0
2509,2021/8/14,47810.6875,48098.68359,46177.63281,47096.94531,47096.94531,31211354442.0
2510,2021/8/15,47096.66797,47357.10547,45579.58984,47047.00391,47047.00391,30988958446.0
2511,2021/8/16,47019.96094,47998.09766,45700.32031,46004.48438,46004.48438,32776876610.0
2512,2021/8/17,45936.45703,47139.57031,44512.41797,44695.35938,44695.35938,33451362600.0
2513,2021/8/18,44686.75,45952.0625,44364.02734,44801.1875,44801.1875,32194123075.0
2514,2021/8/19,44741.88281,46970.76172,43998.31641,46717.57813,46717.57813,37204312299.0
2515,2021/8/20,46723.12109,49342.15234,46650.70703,49339.17578,49339.17578,34706867452.0
2516,2021/8/21,49327.07422,49717.01953,48312.19922,48905.49219,48905.49219,40585205312.0
2517,2021/8/22,48869.10547,49471.60938,48199.94141,49321.65234,49321.65234,25370975378.0
2518,2021/8/23,49291.67578,50482.07813,49074.60547,49546.14844,49546.14844,34305053719.0
2519,2021/8/24,49562.34766,49878.76953,47687.11719,47706.11719,47706.11719,35361168834.0
2520,2021/8/25,47727.25781,49202.87891,47163.61328,48960.78906,48960.78906,32646349931.0
2521,2021/8/26,49002.64063,49347.58203,46405.78125,46942.21875,46942.21875,32666549568.0
2522,2021/8/27,46894.55469,49112.78516,46394.28125,49058.66797,49058.66797,34511076995.0
2523,2021/8/28,49072.58594,49283.50391,48499.23828,48902.40234,48902.40234,28568103401.0
2524,2021/8/29,48911.25,49644.11328,47925.85547,48829.83203,48829.83203,25889650240.0
2525,2021/8/30,48834.85156,48925.60547,46950.27344,47054.98438,47054.98438,31847007016.0
2526,2021/8/31,47024.33984,48189.55078,46750.09375,47166.6875,47166.6875,34730363427.0
2527,2021/9/1,47099.77344,49111.08984,46562.4375,48847.02734,48847.02734,39139399125.0
2528,2021/9/2,48807.84766,50343.42188,48652.32031,49327.72266,49327.72266,39508070319.0
2529,2021/9/3,49288.25,50982.27344,48386.08594,50025.375,50025.375,43206179619.0
2530,2021/9/4,50009.32422,50545.58203,49548.78125,49944.625,49944.625,37471327794.0
2531,2021/9/5,49937.85938,51868.67969,49538.59766,51753.41016,51753.41016,30322676319.0
2532,2021/9/6,51769.00391,52700.94141,51053.67969,52633.53516,52633.53516,38884105426.0
2533,2021/9/7,52660.48047,52853.76563,43285.20703,46811.12891,46811.12891,65210059683.0
2534,2021/9/8,46827.76172,47334.05469,44561.39453,46091.39063,46091.39063,49007762488.0
2535,2021/9/9,45774.74219,47261.94922,45669.73828,46391.42188,46391.42188,38672657013.0
2536,2021/9/10,46396.66406,47031.74219,44344.48438,44883.91016,44883.91016,39154666597.0
2537,2021/9/11,44869.83984,45969.29297,44818.26563,45201.45703,45201.45703,34499835245.0
2538,2021/9/12,45206.62891,46364.87891,44790.46094,46063.26953,46063.26953,27881980161.0
2539,2021/9/13,46057.21484,46598.67969,43591.32031,44963.07422,44963.07422,40969943253.0
2540,2021/9/14,44960.05078,47218.125,44752.33203,47092.49219,47092.49219,38652152880.0
2541,2021/9/15,47098.0,48450.46875,46773.32813,48176.34766,48176.34766,30484496466.0
2542,2021/9/16,48158.90625,48486.82813,47079.55859,47783.35938,47783.35938,31764293754.0
2543,2021/9/17,47771.00391,48160.92188,46832.52344,47267.51953,47267.51953,28727713711.0
2544,2021/9/18,47273.52734,48791.78125,47087.28516,48278.36328,48278.36328,28575630451.0
2545,2021/9/19,48268.85547,48328.36719,46919.80469,47260.21875,47260.21875,26967722648.0
2546,2021/9/20,47261.40625,47328.19922,42598.91406,42843.80078,42843.80078,43909845642.0
2547,2021/9/21,43012.23438,43607.60938,39787.60938,40693.67578,40693.67578,48701090088.0
2548,2021/9/22,40677.95313,43978.62109,40625.63281,43574.50781,43574.50781,38139709246.0
2549,2021/9/23,43560.29688,44942.17578,43109.33984,44895.09766,44895.09766,34244064430.0
2550,2021/9/24,44894.30078,45080.49219,40936.55859,42839.75,42839.75,42839345714.0
2551,2021/9/25,42840.89063,42996.25781,41759.92188,42716.59375,42716.59375,31604717236.0
2552,2021/9/26,42721.62891,43919.30078,40848.46094,43208.53906,43208.53906,30661222077.0
2553,2021/9/27,43234.18359,44313.24609,42190.63281,42235.73047,42235.73047,30980029059.0
2554,2021/9/28,42200.89844,42775.14453,40931.66406,41034.54297,41034.54297,30214940550.0
2555,2021/9/29,41064.98438,42545.25781,40829.66797,41564.36328,41564.36328,30602359905.0
2556,2021/9/30,41551.26953,44092.60156,41444.58203,43790.89453,43790.89453,31141681925.0
2621,2021/12/4,53727.87891,53904.67969,42874.61719,49200.70313,49200.70313,61385677469.0
2622,2021/12/5,49201.51953,49768.14844,47857.49609,49368.84766,49368.84766,37198201161.0
2623,2021/12/6,49413.48047,50929.51953,47281.03516,50582.625,50582.625,37707308001.0
2624,2021/12/7,50581.82813,51934.78125,50175.80859,50700.08594,50700.08594,33676814852.0
2625,2021/12/8,50667.64844,51171.375,48765.98828,50504.79688,50504.79688,28479699446.0
2626,2021/12/9,50450.08203,50797.16406,47358.35156,47672.12109,47672.12109,29603577251.0
2648,2021/12/31,47169.37109,48472.52734,45819.95313,46306.44531,46306.44531,36974172400.0
2649,2022/1/1,46311.74609,47827.3125,46288.48438,47686.8125,47686.8125,24582667004.0
2650,2022/1/2,47680.92578,47881.40625,46856.9375,47345.21875,47345.21875,27951569547.0
2651,2022/1/3,47343.54297,47510.72656,45835.96484,46458.11719,46458.11719,33071628362.0
2652,2022/1/4,46458.85156,47406.54688,45752.46484,45897.57422,45897.57422,42494677905.0
2653,2022/1/5,45899.35938,46929.04688,42798.22266,43569.00391,43569.00391,36851084859.0
2654,2022/1/6,43565.51172,43748.71875,42645.53906,43160.92969,43160.92969,30208048289.0
2655,2022/1/7,43153.57031,43153.57031,41077.44531,41557.90234,41557.90234,84196607520.0
2656,2022/1/8,41561.46484,42228.94141,40672.27734,41733.94141,41733.94141,28066355845.0
2657,2022/1/9,41734.72656,42663.94922,41338.16016,41911.60156,41911.60156,21294384372.0
2658,2022/1/10,41910.23047,42199.48438,39796.57031,41821.26172,41821.26172,32104232331.0
2659,2022/1/11,41819.50781,43001.15625,41407.75391,42735.85547,42735.85547,26327648900.0
2660,2022/1/12,42742.17969,44135.36719,42528.98828,43949.10156,43949.10156,33499938689.0
2661,2022/1/13,43946.74219,44278.42188,42447.04297,42591.57031,42591.57031,47691135082.0
2662,2022/1/14,42598.87109,43346.6875,41982.61719,43099.69922,43099.69922,23577403399.0
2663,2022/1/15,43101.89844,43724.67188,42669.03516,43177.39844,43177.39844,18371348298.0
2664,2022/1/16,43172.03906,43436.80859,42691.02344,43113.87891,43113.87891,17902097845.0
2665,2022/1/17,43118.12109,43179.39063,41680.32031,42250.55078,42250.55078,21690904261.0
2666,2022/1/18,42250.07422,42534.40234,41392.21484,42375.63281,42375.63281,22417209227.0
2667,2022/1/19,42374.03906,42478.30469,41242.91406,41744.32813,41744.32813,23091543258.0
2668,2022/1/20,41744.02734,43413.02344,40672.82422,40680.41797,40680.41797,20382033940.0
2669,2022/1/21,40699.60547,41060.52734,35791.42578,36457.31641,36457.31641,43011992031.0
2670,2022/1/22,36471.58984,36688.8125,34349.25,35030.25,35030.25,39714385405.0
2671,2022/1/23,35047.35938,36433.3125,34784.96875,36276.80469,36276.80469,26017975951.0
2672,2022/1/24,36275.73438,37247.51953,33184.05859,36654.32813,36654.32813,41856658597.0
2673,2022/1/25,36654.80469,37444.57031,35779.42969,36954.00391,36954.00391,26428189594.0
2674,2022/1/26,36950.51563,38825.41016,36374.90625,36852.12109,36852.12109,31324598034.0
2675,2022/1/27,36841.87891,37148.32422,35629.28125,37138.23438,37138.23438,25041426629.0
2676,2022/1/28,37128.44531,37952.87891,36211.10938,37784.33203,37784.33203,22238830523.0
2677,2022/1/29,37780.71484,38576.26172,37406.47266,38138.17969,38138.17969,17194183075.0
2678,2022/1/30,38151.91797,38266.33984,37437.71094,37917.60156,37917.60156,14643548444.0
2679,2022/1/31,37920.28125,38647.26172,36733.57422,38483.125,38483.125,20734730465.0
2680,2022/2/1,38481.76563,39115.13281,38113.66406,38743.27344,38743.27344,20288500328.0
2681,2022/2/2,38743.71484,38834.61719,36832.73047,36952.98438,36952.98438,19155189416.0
2682,2022/2/3,36944.80469,37154.60156,36375.53906,37154.60156,37154.60156,18591534769.0
2683,2022/2/4,37149.26563,41527.78516,37093.62891,41500.875,41500.875,29412210792.0
2684,2022/2/5,41501.48047,41847.16406,41038.09766,41441.16406,41441.16406,19652846215.0
2685,2022/2/6,41441.12109,42500.78516,41244.90625,42412.43359,42412.43359,16142097334.0
2686,2022/2/7,42406.78125,44401.86328,41748.15625,43840.28516,43840.28516,28641855926.0
2687,2022/2/8,43854.65234,45293.86719,42807.83594,44118.44531,44118.44531,33079398868.0
2688,2022/2/9,44096.70313,44727.80078,43232.96875,44338.79688,44338.79688,23245887300.0
2689,2022/2/10,44347.80078,45661.17188,43402.80859,43565.11328,43565.11328,32142048537.0
2690,2022/2/11,43571.12891,43810.83203,42114.53906,42407.9375,42407.9375,26954925781.0
2691,2022/2/12,42412.30078,42992.55078,41852.57422,42244.46875,42244.46875,18152390304.0
2692,2022/2/13,42236.56641,42693.05469,41950.94141,42197.51563,42197.51563,14741589015.0
2693,2022/2/14,42157.39844,42775.77734,41681.95703,42586.91797,42586.91797,20827783012.0
2694,2022/2/15,42586.46484,44667.21875,42491.03516,44575.20313,44575.20313,22721659051.0
2695,2022/2/16,44578.27734,44578.27734,43456.69141,43961.85938,43961.85938,19792547657.0
2696,2022/2/17,43937.07031,44132.97266,40249.37109,40538.01172,40538.01172,26246662813.0
2697,2022/2/18,40552.13281,40929.15234,39637.61719,40030.97656,40030.97656,23310007704.0
2698,2022/2/19,40026.02344,40418.87891,39713.05859,40122.15625,40122.15625,13736557863.0
2699,2022/2/20,40118.10156,40119.89063,38112.8125,38431.37891,38431.37891,18340576452.0
2700,2022/2/21,38423.21094,39394.4375,36950.47656,37075.28125,37075.28125,29280402798.0
2701,2022/2/22,37068.76953,38359.85547,36488.93359,38286.02734,38286.02734,25493150450.0
2702,2022/2/23,38285.28125,39122.39453,37201.81641,37296.57031,37296.57031,21849073843.0
2703,2022/2/24,37278.56641,38968.83984,34459.21875,38332.60938,38332.60938,46383802093.0
2704,2022/2/25,38333.74609,39630.32422,38111.34375,39214.21875,39214.21875,26545599159.0
2705,2022/2/26,39213.08203,40005.34766,38702.53516,39105.14844,39105.14844,17467554129.0
2706,2022/2/27,39098.69922,39778.94141,37268.97656,37709.78516,37709.78516,23450127612.0
2707,2022/2/28,37706.0,43760.45703,37518.21484,43193.23438,43193.23438,35690014104.0
2708,2022/3/1,43194.50391,44793.60156,42952.58594,44354.63672,44354.63672,32479047645.0
2709,2022/3/2,44357.61719,45077.57813,43432.85156,43924.11719,43924.11719,29183112630.0
2710,2022/3/3,43925.19531,44021.57813,41914.75,42451.78906,42451.78906,24967782593.0
2711,2022/3/4,42458.14063,42479.61328,38805.84766,39137.60547,39137.60547,28516271427.0
2712,2022/3/5,39148.44922,39566.33594,38777.03516,39400.58594,39400.58594,16975917450.0
2713,2022/3/6,39404.19922,39640.17578,38211.64844,38419.98438,38419.98438,19745229902.0
2714,2022/3/7,38429.30469,39430.22656,37260.20313,38062.03906,38062.03906,28546143503.0
2715,2022/3/8,38059.90234,39304.44141,37957.38672,38737.26953,38737.26953,25776583476.0
2716,2022/3/9,38742.81641,42465.67188,38706.09375,41982.92578,41982.92578,32284121034.0
2717,2022/3/10,41974.07031,42004.72656,38832.94141,39437.46094,39437.46094,31078064711.0
2718,2022/3/11,39439.96875,40081.67969,38347.43359,38794.97266,38794.97266,26364890465.0
2719,2022/3/12,38794.46484,39308.59766,38772.53516,38904.01172,38904.01172,14616450657.0
2720,2022/3/13,38884.72656,39209.35156,37728.14453,37849.66406,37849.66406,17300745310.0
2721,2022/3/14,37846.31641,39742.5,37680.73438,39666.75391,39666.75391,24322159070.0
2722,2022/3/15,39664.25,39794.62891,38310.21094,39338.78516,39338.78516,23934000868.0
2723,2022/3/16,39335.57031,41465.45313,39022.34766,41143.92969,41143.92969,39616916192.0
2724,2022/3/17,41140.84375,41287.53516,40662.87109,40951.37891,40951.37891,22009601093.0
2725,2022/3/18,40944.83984,42195.74609,40302.39844,41801.15625,41801.15625,34421564942.0
2726,2022/3/19,41794.64844,42316.55469,41602.66797,42190.65234,42190.65234,19664853187.0
2727,2022/3/20,42191.40625,42241.16406,41004.75781,41247.82422,41247.82422,20127946682.0
2728,2022/3/21,41246.13281,41454.41016,40668.04297,41077.99609,41077.99609,24615543271.0
2729,2022/3/22,41074.10547,43124.70703,40948.28125,42358.80859,42358.80859,32004652376.0
2730,2022/3/23,42364.37891,42893.50781,41877.50781,42892.95703,42892.95703,25242943069.0
2731,2022/3/24,42886.65234,44131.85547,42726.16406,43960.93359,43960.93359,31042992291.0
2732,2022/3/25,43964.54688,44999.49219,43706.28516,44348.73047,44348.73047,30574413034.0
2733,2022/3/26,44349.85938,44735.99609,44166.27344,44500.82813,44500.82813,16950455995.0
2734,2022/3/27,44505.35547,46827.54688,44437.29297,46820.49219,46820.49219,28160889722.0
2735,2022/3/28,46821.85156,48086.83594,46690.20313,47128.00391,47128.00391,36362175703.0
2736,2022/3/29,47100.4375,48022.28906,47100.4375,47465.73047,47465.73047,31397059069.0
2737,2022/3/30,47456.89844,47655.14844,46746.21094,47062.66406,47062.66406,29333883962.0
2738,2022/3/31,47062.14844,47512.02734,45390.53906,45538.67578,45538.67578,33327427106.0
2739,2022/4/1,45554.16406,46616.24219,44403.14063,46281.64453,46281.64453,38162644287.0
2740,2022/4/2,46285.5,47028.28125,45782.51172,45868.94922,45868.94922,29336594194.0
2741,2022/4/3,45859.12891,47313.47656,45634.10547,46453.56641,46453.56641,25414397610.0
2742,2022/4/4,46445.27344,46791.08984,45235.81641,46622.67578,46622.67578,32499785455.0
2743,2022/4/5,46624.50781,47106.14063,45544.80859,45555.99219,45555.99219,29640604055.0
2744,2022/4/6,45544.35547,45544.35547,43193.95313,43206.73828,43206.73828,39393395788.0
2745,2022/4/7,43207.5,43860.69922,42899.90625,43503.84766,43503.84766,26101973106.0
2746,2022/4/8,43505.13672,43903.01953,42183.28906,42287.66406,42287.66406,27215995394.0
2747,2022/4/9,42282.07813,42786.81641,42183.25391,42782.13672,42782.13672,16050772496.0
2748,2022/4/10,42781.08984,43376.37891,42021.20703,42207.67188,42207.67188,17654475582.0
2749,2022/4/11,42201.03906,42424.58984,39373.05859,39521.90234,39521.90234,33949912166.0
2750,2022/4/12,39533.71484,40617.58594,39388.32813,40127.18359,40127.18359,30991500854.0
2751,2022/4/13,40123.57031,41430.05469,39712.74609,41166.73047,41166.73047,27691105228.0
2752,2022/4/14,41160.21875,41451.48047,39695.74609,39935.51563,39935.51563,24342001973.0
2753,2022/4/15,39939.40234,40617.72266,39866.83203,40553.46484,40553.46484,21756855753.0
2754,2022/4/16,40552.31641,40633.67969,40078.42578,40424.48438,40424.48438,16833150693.0
2755,2022/4/17,40417.77734,40570.72656,39620.89453,39716.95313,39716.95313,19087633042.0
2756,2022/4/18,39721.20313,40986.32031,38696.19141,40826.21484,40826.21484,33705182072.0
2757,2022/4/19,40828.17578,41672.96094,40618.63281,41502.75,41502.75,25303206547.0
2758,2022/4/20,41501.74609,42126.30078,40961.09766,41374.37891,41374.37891,27819532341.0
2759,2022/4/21,41371.51563,42893.58203,40063.82813,40527.36328,40527.36328,35372786395.0
2760,2022/4/22,40525.86328,40777.75781,39315.41797,39740.32031,39740.32031,28011716745.0
2761,2022/4/23,39738.72266,39935.85938,39352.20313,39486.73047,39486.73047,16138021249.0
2762,2022/4/24,39478.375,39845.92578,39233.53906,39469.29297,39469.29297,17964398167.0
2763,2022/4/25,39472.60547,40491.75391,38338.37891,40458.30859,40458.30859,35445730570.0
2764,2022/4/26,40448.42188,40713.89063,37884.98438,38117.46094,38117.46094,34569088416.0
2765,2022/4/27,38120.30078,39397.91797,37997.3125,39241.12109,39241.12109,30981015184.0
2766,2022/4/28,39241.42969,40269.46484,38941.42188,39773.82813,39773.82813,33903704907.0
2767,2022/4/29,39768.61719,39887.26953,38235.53516,38609.82422,38609.82422,30882994649.0
2768,2022/4/30,38605.85938,38771.21094,37697.94141,37714.875,37714.875,23895713731.0
2769,2022/5/1,37713.26563,38627.85938,37585.78906,38469.09375,38469.09375,27002760110.0
2770,2022/5/2,38472.1875,39074.97266,38156.5625,38529.32813,38529.32813,32922642426.0
2771,2022/5/3,38528.10938,38629.99609,37585.62109,37750.45313,37750.45313,27326943244.0
2772,2022/5/4,37748.01172,39902.94922,37732.05859,39698.37109,39698.37109,36754404490.0
2773,2022/5/5,39695.74609,39789.28125,35856.51563,36575.14063,36575.14063,43106256317.0
2774,2022/5/6,36573.18359,36624.35938,35482.13281,36040.92188,36040.92188,37795577489.0
2775,2022/5/7,36042.50391,36129.92578,34940.82422,35501.95313,35501.95313,24375896406.0
2776,2022/5/8,35502.94141,35502.94141,33878.96484,34059.26563,34059.26563,36763041910.0
2777,2022/5/9,34060.01563,34222.07422,30296.95313,30296.95313,30296.95313,63355494961.0
2778,2022/5/10,30273.6543,32596.30859,29944.80273,31022.90625,31022.90625,59811038817.0
2779,2022/5/11,31016.18359,32013.40234,28170.41406,28936.35547,28936.35547,70388855818.0
2780,2022/5/12,28936.73438,30032.43945,26350.49023,29047.75195,29047.75195,66989173272.0
2781,2022/5/13,29030.91016,30924.80273,28782.33008,29283.10352,29283.10352,42841124537.0
2782,2022/5/14,29285.64258,30192.80273,28702.91016,30101.26563,30101.26563,28579868620.0
2783,2022/5/15,30098.58594,31308.19141,29527.74023,31305.11328,31305.11328,25835372065.0
2784,2022/5/16,31304.375,31305.3418,29251.88477,29862.91797,29862.91797,32613897286.0
2785,2022/5/17,29862.4082,30694.49023,29570.30273,30425.85742,30425.85742,29101473475.0
2786,2022/5/18,30424.47852,30618.7168,28720.27148,28720.27148,28720.27148,31285268319.0
2787,2022/5/19,28720.35938,30430.75195,28708.95508,30314.33398,30314.33398,33773447707.0
2788,2022/5/20,30311.11914,30664.97656,28793.60547,29200.74023,29200.74023,30749382605.0
2789,2022/5/21,29199.85938,29588.86914,29027.39453,29432.22656,29432.22656,17274840442.0
2790,2022/5/22,29432.47266,30425.86133,29275.18359,30323.72266,30323.72266,21631532270.0
2791,2022/5/23,30309.39648,30590.58594,28975.56055,29098.91016,29098.91016,31483454557.0
2792,2022/5/24,29101.125,29774.35547,28786.58984,29655.58594,29655.58594,26616506245.0
2793,2022/5/25,29653.13477,30157.78516,29384.94922,29562.36133,29562.36133,27525063551.0
2794,2022/5/26,29564.77734,29834.16016,28261.90625,29267.22461,29267.22461,36774325352.0
2795,2022/5/27,29251.14063,29346.94336,28326.61328,28627.57422,28627.57422,36582005748.0
2796,2022/5/28,28622.625,28814.90039,28554.56641,28814.90039,28814.90039,35519577634.0
2797,2022/5/29,29019.86719,29498.00977,28841.10742,29445.95703,29445.95703,18093886409.0
2798,2022/5/30,29443.36523,31949.63086,29303.57227,31726.39063,31726.39063,39277993274.0
2799,2022/5/31,31723.86523,32249.86328,31286.1543,31792.31055,31792.31055,33538210634.0
2800,2022/6/1,31792.55469,31957.28516,29501.58789,29799.08008,29799.08008,41135817341.0
2801,2022/6/2,29794.89063,30604.73438,29652.70508,30467.48828,30467.48828,29083562061.0
2802,2022/6/3,30467.80664,30633.03516,29375.68945,29704.39063,29704.39063,26175547452.0
2803,2022/6/4,29706.13867,29930.56445,29500.00586,29832.91406,29832.91406,16588370958.0
2804,2022/6/5,29835.11719,30117.74414,29574.44922,29906.66211,29906.66211,17264085441.0
2805,2022/6/6,29910.2832,31693.29102,29894.1875,31370.67188,31370.67188,31947336829.0
2806,2022/6/7,31371.74219,31489.68359,29311.68359,31155.47852,31155.47852,40770974039.0
2807,2022/6/8,31151.48047,31253.69141,29944.4043,30214.35547,30214.35547,30242059107.0
2808,2022/6/9,30215.2793,30609.31055,30020.26563,30111.99805,30111.99805,21692004719.0
2809,2022/6/10,30110.33008,30245.80859,28978.14648,29083.80469,29083.80469,29867476527.0
2810,2022/6/11,29084.66602,29401.91602,28236.21289,28360.81055,28360.81055,27246574439.0
2811,2022/6/12,28373.51367,28502.68555,26762.64844,26762.64844,26762.64844,34163220274.0
2812,2022/6/13,26737.57813,26795.58984,22141.25781,22487.38867,22487.38867,68204556440.0
2813,2022/6/14,22487.98633,23018.95117,20950.81836,22206.79297,22206.79297,50913575242.0
2814,2022/6/15,22196.73047,22642.67188,20178.37695,22572.83984,22572.83984,54912007015.0
2815,2022/6/16,22576.30469,22868.92188,20265.22656,20381.65039,20381.65039,31183975654.0
2816,2022/6/17,20385.71875,21243.3125,20326.51953,20471.48242,20471.48242,27132421514.0
2817,2022/6/18,20473.42578,20736.04102,17708.62305,19017.64258,19017.64258,42009436760.0
2818,2022/6/19,19010.90234,20683.82227,18067.15234,20553.27148,20553.27148,35329942625.0
2819,2022/6/20,20553.37109,20913.32227,19689.16992,20599.53711,20599.53711,30818458597.0
2820,2022/6/21,20594.29492,21620.62891,20415.0625,20710.59766,20710.59766,28970212744.0
2821,2022/6/22,20719.41406,20835.75,19848.07813,19987.0293,19987.0293,28574793478.0
2822,2022/6/23,19986.60742,21135.76172,19950.11719,21085.87695,21085.87695,26188097173.0
2823,2022/6/24,21084.64844,21472.91797,20777.51172,21231.65625,21231.65625,24957784918.0
2824,2022/6/25,21233.60938,21520.91406,20964.58594,21502.33789,21502.33789,18372538715.0
2825,2022/6/26,21496.49414,21783.72461,21016.26953,21027.29492,21027.29492,18027170497.0
2826,2022/6/27,21028.23828,21478.08984,20620.19922,20735.47852,20735.47852,20965695707.0
2827,2022/6/28,20731.54492,21164.42383,20228.8125,20280.63477,20280.63477,21381535161.0
2828,2022/6/29,20281.16992,20364.15625,19937.79102,20104.02344,20104.02344,23552740328.0
2829,2022/6/30,20108.3125,20141.16016,18729.65625,19784.72656,19784.72656,26267239923.0
2830,2022/7/1,19820.4707,20632.67188,19073.70898,19269.36719,19269.36719,30767551159.0
2831,2022/7/2,19274.83594,19371.74805,19027.08203,19242.25586,19242.25586,18100418740.0
2832,2022/7/3,19242.0957,19558.26953,18966.95117,19297.07617,19297.07617,16390821947.0
2833,2022/7/4,19297.31445,20258.74805,19063.06641,20231.26172,20231.26172,21594638208.0
2834,2022/7/5,20225.35352,20635.4668,19341.23242,20190.11523,20190.11523,26715546990.0
2835,2022/7/6,20194.61914,20595.5293,19823.51172,20548.24609,20548.24609,24598943708.0
2836,2022/7/7,20547.81445,21771.81641,20296.10352,21637.58789,21637.58789,25814972520.0
2837,2022/7/8,21637.1543,22314.94141,21257.45313,21731.11719,21731.11719,49899834488.0
2838,2022/7/9,21716.82813,21877.13867,21445.95703,21592.20703,21592.20703,29641127858.0
2839,2022/7/10,21591.08008,21591.08008,20727.12305,20860.44922,20860.44922,28688807249.0
2840,2022/7/11,20856.35352,20856.35352,19924.53906,19970.55664,19970.55664,24150249025.0
2841,2022/7/12,19970.47461,20043.44531,19308.53125,19323.91406,19323.91406,25810220018.0
2842,2022/7/13,19325.97266,20223.05273,18999.95313,20212.07422,20212.07422,33042430345.0
2843,2022/7/14,20211.4668,20789.89453,19689.25781,20569.91992,20569.91992,31158743333.0
2844,2022/7/15,20573.15625,21138.24414,20397.0,20836.32813,20836.32813,25905575359.0
2845,2022/7/16,20834.10352,21514.4043,20518.89844,21190.31641,21190.31641,24302954056.0
2846,2022/7/17,21195.04102,21600.64063,20778.17969,20779.34375,20779.34375,22927802083.0
2847,2022/7/18,20781.91211,22633.0332,20781.91211,22485.68945,22485.68945,39974475562.0
2848,2022/7/19,22467.84961,23666.96289,21683.40625,23389.43359,23389.43359,48765202697.0
2849,2022/7/20,23393.19141,24196.81836,23009.94922,23231.73242,23231.73242,42932549127.0
2850,2022/7/21,23233.20117,23388.32227,22431.14844,23164.62891,23164.62891,33631012204.0
2851,2022/7/22,23163.75195,23671.92773,22603.41602,22714.97852,22714.97852,31421555646.0
2852,2022/7/23,22706.98438,22977.21094,22002.91016,22465.47852,22465.47852,24021799169.0
2853,2022/7/24,22465.50977,22974.00195,22306.83984,22609.16406,22609.16406,23565495303.0
2854,2022/7/25,22607.15625,22649.12109,21361.64258,21361.70117,21361.70117,35574561406.0
2855,2022/7/26,21361.12109,21361.12109,20776.81641,21239.75391,21239.75391,28624673855.0
2856,2022/7/27,21244.16992,22986.5293,21070.80664,22930.54883,22930.54883,31758955233.0
2857,2022/7/28,22933.64063,24110.4707,22722.26563,23843.88672,23843.88672,40212386158.0
2858,2022/7/29,23845.21289,24294.78711,23481.17383,23804.63281,23804.63281,35887249746.0
2859,2022/7/30,23796.81836,24572.58008,23580.50781,23656.20703,23656.20703,28148218301.0
2860,2022/7/31,23652.07031,24121.64258,23275.70313,23336.89648,23336.89648,23553591896.0
2861,2022/8/1,23336.71875,23464.78711,22890.79688,23314.19922,23314.19922,25849159141.0
2862,2022/8/2,23308.43359,23415.04102,22710.08398,22978.11719,22978.11719,28389250717.0
2863,2022/8/3,22981.30273,23578.65039,22747.83594,22846.50781,22846.50781,26288169966.0
2864,2022/8/4,22848.21484,23198.00977,22485.70117,22630.95703,22630.95703,25120229769.0
2865,2022/8/5,22626.83398,23422.82813,22612.17773,23289.31445,23289.31445,28881249043.0
2866,2022/8/6,23291.42383,23326.5625,22961.2793,22961.2793,22961.2793,15978259885.0
2867,2022/8/7,22963.50586,23359.00977,22894.55664,23175.89063,23175.89063,15886817043.0
2868,2022/8/8,23179.52734,24203.68945,23176.54688,23809.48633,23809.48633,28575544847.0
2869,2022/8/9,23811.48438,23898.61523,22982.0,23164.31836,23164.31836,23555719219.0
2870,2022/8/10,23162.89844,24127.41406,22771.51953,23947.64258,23947.64258,32837431722.0
2871,2022/8/11,23948.3457,24822.62891,23900.99609,23957.5293,23957.5293,37127036580.0
2872,2022/8/12,23957.20313,24412.56641,23657.26563,24402.81836,24402.81836,27265804688.0
2873,2022/8/13,24402.1875,24860.05078,24346.11523,24424.06836,24424.06836,22987346289.0
2874,2022/8/14,24429.05664,24974.91406,24206.25977,24319.33398,24319.33398,22994133555.0
2875,2022/8/15,24318.31641,25135.58984,23839.77539,24136.97266,24136.97266,35123501685.0
2876,2022/8/16,24126.13672,24228.41602,23733.5,23883.29102,23883.29102,27753685646.0
2877,2022/8/17,23881.31641,24407.05859,23243.35352,23335.99805,23335.99805,30931623076.0
2878,2022/8/18,23341.03906,23563.83203,23177.60156,23212.73828,23212.73828,23747613147.0
2879,2022/8/19,23213.3125,23213.3125,20868.84766,20877.55273,20877.55273,40509610260.0
2880,2022/8/20,20872.8418,21350.80664,20856.73047,21166.06055,21166.06055,27595671000.0
2881,2022/8/21,21160.39258,21668.8457,21103.19727,21534.12109,21534.12109,23102307723.0
2882,2022/8/22,21531.46289,21531.46289,20939.18359,21398.9082,21398.9082,31666498758.0
2883,2022/8/23,21401.04492,21646.20313,20955.13867,21528.08789,21528.08789,31878280659.0
2884,2022/8/24,21526.45508,21783.07617,21195.00586,21395.01953,21395.01953,31962253368.0
2885,2022/8/25,21395.45898,21789.63672,21362.44141,21600.9043,21600.9043,31028679593.0
2886,2022/8/26,21596.08594,21804.9082,20199.48242,20260.01953,20260.01953,42326789564.0
2887,2022/8/27,20262.48047,20340.77539,19890.52344,20041.73828,20041.73828,30116729776.0
2888,2022/8/28,20041.03516,20139.05469,19616.81445,19616.81445,19616.81445,24366810591.0
2889,2022/8/29,19615.1543,20357.46289,19600.78516,20297.99414,20297.99414,32637854078.0
2890,2022/8/30,20298.61133,20542.64453,19617.64063,19796.80859,19796.80859,34483360283.0
2891,2022/8/31,19799.58203,20420.99023,19799.58203,20049.76367,20049.76367,33225232872.0
2892,2022/9/1,20050.49805,20198.39063,19653.96875,20127.14063,20127.14063,30182031010.0
2893,2022/9/2,20126.07227,20401.56836,19814.76563,19969.77148,19969.77148,29123998928.0
2894,2022/9/3,19969.71875,20037.00977,19698.35547,19832.08789,19832.08789,23613051457.0
2895,2022/9/4,19832.4707,19999.68945,19636.81641,19986.71289,19986.71289,25245861652.0
2896,2022/9/5,19988.78906,20031.16016,19673.04688,19812.37109,19812.37109,28813460025.0
2897,2022/9/6,19817.72461,20155.26953,18800.17188,18837.66797,18837.66797,43403978910.0
2898,2022/9/7,18837.68359,19427.17188,18644.4668,19290.32422,19290.32422,35239757134.0
2899,2022/9/8,19289.94141,19417.35156,19076.71484,19329.83398,19329.83398,32194477850.0
2900,2022/9/9,19328.14063,21439.41016,19310.96289,21381.15234,21381.15234,48469528171.0
2901,2022/9/10,21376.91211,21760.27539,21168.72266,21680.53906,21680.53906,36913738894.0
2902,2022/9/11,21678.54297,21770.55273,21406.94531,21769.25586,21769.25586,34493951963.0
2903,2022/9/12,21770.14844,22439.18164,21603.89648,22370.44922,22370.44922,50212088965.0
2904,2022/9/13,22371.48047,22673.82031,20062.66992,20296.70703,20296.70703,51091116622.0
2905,2022/9/14,20184.55469,20467.20117,19793.39648,20241.08984,20241.08984,37872380889.0
2906,2022/9/15,20242.28906,20318.16602,19636.73438,19701.21094,19701.21094,36389011503.0
2907,2022/9/16,19704.00586,19870.62891,19400.07617,19772.58398,19772.58398,30123362273.0
2908,2022/9/17,19777.0332,20162.53125,19777.0332,20127.57617,20127.57617,24957448100.0
2909,2022/9/18,20127.23438,20127.23438,19387.49219,19419.50586,19419.50586,31254779144.0
2910,2022/9/19,19418.57227,19639.48047,18390.31836,19544.12891,19544.12891,40177002624.0
2911,2022/9/20,19545.5918,19602.45703,18813.45508,18890.78906,18890.78906,36791346508.0
2912,2022/9/21,18891.2832,19674.63086,18290.31445,18547.40039,18547.40039,46363793975.0
2913,2022/9/22,18534.65039,19456.91016,18415.5918,19413.55078,19413.55078,41135767926.0
2914,2022/9/23,19412.40039,19464.67188,18617.55273,19297.63867,19297.63867,38896078052.0
2915,2022/9/24,19296.99023,19310.19727,18861.97461,18937.01172,18937.01172,26149643168.0
2916,2022/9/25,18936.31055,19134.73242,18696.46875,18802.09766,18802.09766,23359966112.0
2917,2022/9/26,18803.90039,19274.87305,18721.28516,19222.67188,19222.67188,44148798321.0
2918,2022/9/27,19221.83984,20338.45508,18915.66797,19110.54688,19110.54688,58571439619.0
2919,2022/9/28,19104.62109,19688.34375,18553.29688,19426.7207,19426.7207,53071298734.0
2920,2022/9/29,19427.7793,19589.26563,18924.35352,19573.05078,19573.05078,41037843771.0
2921,2022/9/30,19573.43164,20109.84961,19265.66211,19431.78906,19431.78906,43975248085.0
2922,2022/10/1,19431.10547,19471.1543,19231.08203,19312.0957,19312.0957,18719537670.0
2923,2022/10/2,19311.84961,19370.30859,18970.62109,19044.10742,19044.10742,20765955327.0
2924,2022/10/3,19044.06836,19653.54297,19025.22656,19623.58008,19623.58008,30484729489.0
2925,2022/10/4,19623.58398,20380.34375,19523.83984,20336.84375,20336.84375,35887278685.0
2926,2022/10/5,20335.90039,20343.74805,19801.80078,20160.7168,20160.7168,33223790572.0
2927,2022/10/6,20161.03906,20408.39258,19900.08789,19955.44336,19955.44336,34711412966.0
2928,2022/10/7,19957.55859,20041.08594,19395.79297,19546.84961,19546.84961,29227315390.0
2929,2022/10/8,19546.32813,19601.69531,19299.41406,19416.56836,19416.56836,16437423167.0
2930,2022/10/9,19417.47852,19542.53906,19349.25977,19446.42578,19446.42578,16837262532.0
2931,2022/10/10,19446.41602,19515.4668,19102.97852,19141.48438,19141.48438,27425022774.0
2932,2022/10/11,19139.0,19241.96094,18925.60352,19051.41797,19051.41797,28711532910.0
2933,2022/10/12,19052.64648,19203.19922,19029.75781,19157.44531,19157.44531,24950173846.0
2934,2022/10/13,19156.9668,19453.32813,18319.82227,19382.9043,19382.9043,44219840004.0
2935,2022/10/14,19382.5332,19889.14648,19115.4082,19185.65625,19185.65625,38452356727.0
2936,2022/10/15,19185.4375,19212.54102,19019.25,19067.63477,19067.63477,16192235532.0
2937,2022/10/16,19068.91406,19389.60352,19068.91406,19268.09375,19268.09375,17988916650.0
2938,2022/10/17,19268.5625,19635.80273,19173.33398,19550.75781,19550.75781,27472552998.0
2939,2022/10/18,19550.4668,19666.99414,19144.76953,19334.41602,19334.41602,30580012344.0
2940,2022/10/19,19335.02734,19348.41602,19127.6875,19139.53516,19139.53516,22425387184.0
2941,2022/10/20,19138.08594,19315.19922,18971.45898,19053.74023,19053.74023,24493974420.0
2942,2022/10/21,19053.20313,19237.38477,18770.9707,19172.46875,19172.46875,32459287866.0
2943,2022/10/22,19172.38086,19248.06836,19132.24414,19208.18945,19208.18945,16104440957.0
2944,2022/10/23,19207.73438,19646.65234,19124.19727,19567.00781,19567.00781,22128794335.0
2945,2022/10/24,19567.76953,19589.125,19206.32422,19345.57227,19345.57227,30202235805.0
2946,2022/10/25,19344.96484,20348.41211,19261.44727,20095.85742,20095.85742,47761524910.0
2947,2022/10/26,20092.23633,20938.13477,20076.11719,20770.44141,20770.44141,58895950537.0
2948,2022/10/27,20772.80273,20854.04492,20255.37305,20285.83594,20285.83594,49625110402.0
2949,2022/10/28,20287.95703,20724.98047,20086.06836,20595.35156,20595.35156,43994715910.0
2950,2022/10/29,20595.10352,20988.39453,20566.48438,20818.47656,20818.47656,40369840645.0
2951,2022/10/30,20817.98242,20917.00586,20547.46289,20635.60352,20635.60352,31486345556.0
2952,2022/10/31,20633.69531,20795.32031,20287.45898,20495.77344,20495.77344,45668466815.0
2953,2022/11/1,20494.89844,20647.28906,20359.8457,20485.27344,20485.27344,39819303159.0
2954,2022/11/2,20482.95898,20742.81055,20087.13477,20159.50391,20159.50391,55552169483.0
2955,2022/11/3,20162.68945,20382.0957,20086.24023,20209.98828,20209.98828,43228750179.0
2956,2022/11/4,20208.76953,21209.56055,20188.01953,21147.23047,21147.23047,64072727950.0
2957,2022/11/5,21144.83203,21446.88672,21097.63477,21282.69141,21282.69141,37846047609.0
2958,2022/11/6,21285.05664,21345.37695,20920.19141,20926.48633,20926.48633,35082693210.0
2959,2022/11/7,20924.62109,21053.24609,20489.97266,20602.81641,20602.81641,53510852236.0
2960,2022/11/8,20600.67188,20664.60742,17603.54492,18541.27148,18541.27148,118992000000.0
2961,2022/11/9,18543.76172,18590.45898,15682.69238,15880.78027,15880.78027,102905000000.0
2962,2022/11/10,15883.1582,18054.3125,15834.01856,17586.77148,17586.77148,83202283721.0
2963,2022/11/11,17583.25195,17650.94336,16543.48242,17034.29297,17034.29297,55871616488.0
2964,2022/11/12,17036.875,17066.67578,16651.77539,16799.18555,16799.18555,29717699419.0
2965,2022/11/13,16799.72266,16920.76563,16320.63477,16353.36523,16353.36523,27209183682.0
2966,2022/11/14,16352.02832,17109.32422,15872.94141,16618.19922,16618.19922,49630243054.0
2967,2022/11/15,16617.48438,17051.96289,16542.55078,16884.61328,16884.61328,36599436183.0
2968,2022/11/16,16884.3418,16960.29492,16430.11133,16669.43945,16669.43945,33925512989.0
2969,2022/11/17,16670.42578,16726.43945,16460.68359,16687.51758,16687.51758,27868914022.0
2970,2022/11/18,16687.91211,16947.05859,16564.61133,16697.77734,16697.77734,26862218609.0
2971,2022/11/19,16696.2207,16797.87695,16570.41016,16711.54688,16711.54688,16106223492.0
2972,2022/11/20,16712.91992,16746.7793,16248.69238,16291.83203,16291.83203,21313378652.0
2973,2022/11/21,16291.22363,16291.22363,15599.04688,15787.28418,15787.28418,37429485518.0
2974,2022/11/22,15782.30078,16253.04785,15656.60645,16189.76953,16189.76953,30726828760.0
2975,2022/11/23,16195.58887,16638.19336,16170.50293,16610.70703,16610.70703,32958875628.0
2976,2022/11/24,16611.63672,16771.47461,16501.76758,16604.46484,16604.46484,26129037414.0
2977,2022/11/25,16602.26953,16603.31641,16388.4043,16521.8418,16521.8418,18678255976.0
2978,2022/11/26,16521.57617,16666.86328,16416.22852,16464.28125,16464.28125,18000008764.0
2979,2022/11/27,16463.88281,16594.40625,16437.02539,16444.62695,16444.62695,20443898509.0
2980,2022/11/28,16440.22266,16482.93359,16054.53027,16217.32227,16217.32227,27743025156.0
2981,2022/11/29,16217.63965,16522.25781,16139.39648,16444.98242,16444.98242,23581685468.0
2982,2022/11/30,16445.47656,17190.9375,16445.47656,17168.56641,17168.56641,29523576583.0
2983,2022/12/1,17168.00195,17197.49805,16888.38867,16967.13281,16967.13281,22895392882.0
2984,2022/12/2,16968.68359,17088.66016,16877.88086,17088.66016,17088.66016,19539705127.0
2985,2022/12/3,17090.09766,17116.04102,16888.14063,16908.23633,16908.23633,16217776704.0
2986,2022/12/4,16908.16992,17157.76758,16903.43945,17130.48633,17130.48633,16824520830.0
2987,2022/12/5,17128.89453,17378.15234,16922.43164,16974.82617,16974.82617,22209086834.0
2988,2022/12/6,16975.23828,17091.86328,16939.92188,17089.50391,17089.50391,19889922369.0
2989,2022/12/7,17089.50586,17109.37695,16750.55859,16848.12695,16848.12695,19675404389.0
2990,2022/12/8,16847.34961,17267.91602,16788.7832,17233.47461,17233.47461,20496603770.0
2991,2022/12/9,17232.14844,17280.54688,17100.83594,17133.15234,17133.15234,20328426366.0
2992,2022/12/10,17134.2207,17216.82617,17120.68359,17128.72461,17128.72461,12706781969.0
2993,2022/12/11,17129.71094,17245.63477,17091.82031,17104.19336,17104.19336,14122486832.0
2994,2022/12/12,17102.5,17212.56445,16899.39453,17206.4375,17206.4375,19617581341.0
2995,2022/12/13,17206.44141,17930.08594,17111.76367,17781.31836,17781.31836,26634741631.0
2996,2022/12/14,17782.06641,18318.53125,17739.51367,17815.65039,17815.65039,25534481470.0
2997,2022/12/15,17813.64453,17846.74414,17322.58984,17364.86523,17364.86523,20964448341.0
2998,2022/12/16,17364.54688,17505.52539,16584.70117,16647.48438,16647.48438,24031608960.0
2999,2022/12/17,16646.98242,16800.58984,16614.0293,16795.0918,16795.0918,14463581825.0
3000,2022/12/18,16795.60938,16815.38672,16697.82031,16757.97656,16757.97656,10924354698.0
3001,2022/12/19,16759.04102,16807.52734,16398.13672,16439.67969,16439.67969,17221074814.0
3002,2022/12/20,16441.78711,17012.98438,16427.86719,16906.30469,16906.30469,22722096615.0
3003,2022/12/21,16904.52734,16916.80078,16755.91211,16817.53516,16817.53516,14882945045.0
3004,2022/12/22,16818.38086,16866.67383,16592.4082,16830.3418,16830.3418,16441573050.0
3005,2022/12/23,16829.64453,16905.21875,16794.45898,16796.95313,16796.95313,15329265213.0
3006,2022/12/24,16796.97656,16864.70313,16793.52734,16847.75586,16847.75586,9744636213.0
3007,2022/12/25,16847.50586,16860.55469,16755.25391,16841.98633,16841.98633,11656379938.0
3008,2022/12/26,16842.25,16920.12305,16812.36914,16919.80469,16919.80469,11886957804.0
3009,2022/12/27,16919.29102,16959.8457,16642.07227,16717.17383,16717.17383,15748580239.0
3010,2022/12/28,16716.40039,16768.16992,16497.55664,16552.57227,16552.57227,17005713920.0
3011,2022/12/29,16552.32227,16651.75586,16508.68359,16642.3418,16642.3418,14472237479.0
3012,2022/12/30,16641.33008,16643.42773,16408.47461,16602.58594,16602.58594,15929162910.0
3013,2022/12/31,16603.67383,16628.98633,16517.51953,16547.49609,16547.49609,11239186456.0
3014,2023/1/1,16547.91406,16630.43945,16521.23438,16625.08008,16625.08008,9244361700.0
