,Open,High,Low,Close,Volume,ScorePositive,ScoreNegative,ScoreNeutral,Coin_timestamp
0,0.9525303126125434,0.9909621227351223,0.9723748555441769,1.0,0.15393274903720522,0.027517228260042194,0.9907766445932267,9.479168774641049e-05,0.0
1,1.0,0.992845932048443,0.9917153804704968,0.9881593109409266,0.20174569494626776,0.027127603988745044,0.9807647040378543,0.0,0.003937007874014853
2,0.9883028819098233,0.9799370497416927,0.9569787478703955,0.9574096448952831,0.27441182050145085,0.16742708650026145,0.5926381089200276,0.27661248158803675,0.007874015748029706
3,0.9576304837039545,0.9763090030368006,0.9541378208448781,0.9379795030615421,0.4081478821260377,0.2737630846223853,0.2730436684767933,0.5045677910322564,0.011811023622044559
4,0.9382327968449514,0.9596801143553807,0.853625408280978,0.8572641006488799,0.32805152861120124,0.33968056282735076,0.4682341288918158,0.2341357267726587,0.01574803149605941
5,0.8573179106256364,0.8489255123780853,0.8484306422259684,0.8431189942116457,0.23377063323377328,0.031515445123313696,0.6388243014113414,0.36453469177763875,0.019685039370088475
6,0.843035833483046,0.8281995288017908,0.7950792660233332,0.787553140314903,1.0,0.24383111563642468,0.5174731411358676,0.278693232037652,0.023622047244103328
7,0.7878372722563892,0.7959994218913743,0.7812942045161828,0.7936551954318904,0.20337479254921836,0.0009102383441691505,1.0,0.017116893318552755,0.02755905511811818
8,0.793844284882039,0.811148524400355,0.8039495877397251,0.7998134421630978,0.10726399634674616,0.09319208069398603,0.7029282327833267,0.23558539038139997,0.031496062992133034
9,0.7999290346076037,0.7949735838332482,0.7514999557980675,0.7966819857032346,0.2606821107480617,0.1861984622087669,0.6357182766340357,0.2126917870217094,0.03543307086614789
10,0.796783664908789,0.8228917247447786,0.8063173813347204,0.82838461553508,0.17869829922478792,0.22865388656938163,0.45257403021988085,0.36185183454787534,0.03937007874016274
11,0.8287728523212875,0.8623905047709747,0.8444652259295953,0.8704394532006599,0.2804905889537159,0.24520464160137168,0.47951603707904306,0.31705224319324765,0.04330708661417759
12,0.8705352343747733,0.8673723697246188,0.8416771942434469,0.8233832485153418,0.48189828682056157,0.27346844801593384,0.39139319207457507,0.3809665004335504,0.047244094488192445
13,0.8238043193437542,0.8349248151996517,0.8258759996356739,0.84099655796622,0.13966560602646894,0.11005314550614821,0.5148159936445219,0.41560880124482674,0.0511811023622073
14,0.8412443611631303,0.8480880825888361,0.8492300518724865,0.8436898516934983,0.06577898337514931,0.10883816206238991,0.5095636595986363,0.41135886946150957,0.05511811023622215
15,0.8436761481147487,0.838063272945114,0.8499781608413084,0.8414880695944158,0.05911917465681443,0.04300682846748905,0.6645893717403059,0.32604005603672015,0.059055118110237004
16,0.8418068031345683,0.8290987188059763,0.8155909292629602,0.8115624636859899,0.11289158092737389,0.3622593885538959,0.2897894461517824,0.3983054037495305,0.06299212598425186
17,0.8117114738965482,0.8066370675489513,0.8057886943417336,0.815898191210594,0.12319962029912651,0.08581600675186069,0.6527650251019322,0.295495517141624,0.06692913385826671
18,0.8160093555002669,0.8046834726230051,0.8007090222359512,0.7940152310644617,0.13277006531417634,0.2195049081272361,0.45266195468015696,0.3709331076528252,0.07086614173228156
19,0.7941667444702757,0.8372349575281067,0.7813128110571614,0.7571368356273407,0.09431551793321497,0.056803408619909526,0.47110882638258345,0.5147559570033663,0.07480314960629642
20,0.75795646467163,0.755309521359783,0.6152326104521932,0.6107511583810559,0.4154898316210819,0.14675790719160992,0.532509841383875,0.36028319510910084,0.07874015748032548
21,0.6113704601528364,0.6030649990115703,0.5661653511833462,0.5612846513754146,0.36868874870881074,0.14517587613099703,0.527080568860596,0.356586519387141,0.08267716535434033
22,0.5619921534209468,0.5941672376333446,0.5809898442659773,0.6044940674710537,0.1743032845958245,0.019320397077350376,0.6751271262657677,0.33875780073969175,0.08661417322835518
23,0.6045801188066785,0.6225219142103068,0.5265219527813125,0.6175801899939388,0.399092831624287,0.19263137644565287,0.5804206926350886,0.2641312059991375,0.09055118110237004
24,0.6177225494496325,0.6293841874777563,0.6148244665446299,0.6279678734030039,0.18012521695319472,0.24796349015053126,0.3683717630005941,0.4306397813471059,0.09448818897638489
25,0.6279748968817297,0.6774717940798892,0.6350844120819494,0.6244363017858958,0.24961719806640353,0.21267174591244825,0.6237753452528034,0.19865078301363287,0.09842519685039974
26,0.6242084437456926,0.6190674476810737,0.609715954436423,0.63435386761536,0.1604436673126428,0.19518170547293168,0.5749589335704846,0.2672918349140418,0.1023622047244146
27,0.6341437484563176,0.6470859825043705,0.629511538373229,0.6567495975590372,0.12066799131407258,0.32441890157732406,0.2689021007573264,0.4581129144826534,0.10629921259842945
28,0.6567580414578907,0.6687952251292938,0.6701814766662015,0.6690150447937737,0.04907213703129279,0.01724795630228466,0.1016023824680789,0.9412422609931667,0.1102362204724443
29,0.6696277156628488,0.6580022273440448,0.6712442991079102,0.6613691289930255,0.012872409051870315,0.05488430519707038,0.48248703130525994,0.504768595927195,0.11417322834645915
30,0.6615968320862337,0.6712677928704055,0.6472874004551292,0.6809719092214621,0.09932114206656328,0.131979201485855,0.7736528213980438,0.1226555793539525,0.11811023622047401
31,0.6810635888503075,0.6875613557455146,0.6942423049353457,0.68998945356249,0.09298804779296777,0.1776931515984284,0.21851992622578623,0.6579726616941788,0.12204724409448886
32,0.6901454114926601,0.6777924279583322,0.650661001297931,0.6279325333602883,0.07690360110981947,0.21093786129152436,0.38743590522722576,0.44780620927479564,0.1259842519685037
33,0.6277768976428652,0.6192860554047918,0.6351059422260337,0.6349212043688979,0.06890396656877279,0.16644989621930806,0.4644728975719217,0.41176471665058845,0.12992125984251857
34,0.6348655924107124,0.7715817271698416,0.6595375693112406,0.785576397471083,0.22247575761455157,0.31834605192681165,0.35481165809339144,0.3742656950808229,0.13385826771653342
35,0.785757604180073,0.7827040647097253,0.7937405378523679,0.7835066328048239,0.08396656517843132,0.3150481394188468,0.3511593674030172,0.3704291943591458,0.13779527559054827
36,0.7836649344447363,0.8054663526924001,0.8007768026720106,0.8171738193305798,0.034140473682749056,0.42791863707292566,0.014158633154062947,0.621021479774901,0.14173228346457734
37,0.8171445326687804,0.8716712038592337,0.8178989167509527,0.8666675423945405,0.21154254269701894,0.3025662572452854,0.5263430749968497,0.2105161491645397,0.1456692913385922
38,0.8673424639714543,0.9027351488284093,0.8539524816576949,0.876309427952386,0.2745221029386309,0.10657934956057168,0.44884907013278436,0.48815067693379716,0.14960629921260704
39,0.8757344050856165,0.8830219439735799,0.8684168084764157,0.8839474904873377,0.13496058381013754,0.3395301022125858,0.1785983387873295,0.5374979483196317,0.1535433070866219
40,0.884440002339418,0.9155264971052125,0.874195282625704,0.8571292394575556,0.2612188149681707,0.2674373590406348,0.3650369662601208,0.4146052350778327,0.15748031496063675
41,0.857512659536421,0.8510886010037563,0.8303643877283664,0.8170179710351364,0.1876008884800267,0.18241884032647965,0.40831125721045386,0.45454729952363776,0.1614173228346516
42,0.8173358956911355,0.8225920401318333,0.8214515375045177,0.8113516418367086,0.06267143526716629,0.18048019993451814,0.404123970528909,0.4499079827575324,0.16535433070866645
43,0.8112431558790721,0.8121621194174239,0.8247982920972747,0.8097241024151784,0.014263843935570564,0.02094472947255952,0.8408337116306298,0.16365562098718947,0.1692913385826813
44,0.808498389202757,0.815042927246287,0.8156466155154296,0.8232219841147574,0.10064178472084723,0.21059916396688916,0.5256145609580606,0.30349058410581714,0.17322834645669616
45,0.8233741925945394,0.8809121809726074,0.8431739439618025,0.8921420575655457,0.12752050604192777,0.2886123215439934,0.28841562804966464,0.473586614655057,0.177165354330711
46,0.8924306629760336,0.8778148054625371,0.8760285420215015,0.8708816784453888,0.0859492694580915,0.2966522928080812,0.3717767361390587,0.3782568956127772,0.18110236220472586
47,0.8701999086878661,0.8623071155085363,0.7669056321223475,0.7522005974019086,0.17754890907541615,0.10385832146598932,0.6026961814981485,0.3298208543715575,0.18503937007874072
48,0.7528435630418983,0.7507344004162825,0.7460918813741353,0.7346252006870169,0.13587060877197243,0.031065334181410345,0.7466508645227382,0.25210549599487364,0.18897637795275557
49,0.7346032637532695,0.7329641803857979,0.7486586300220741,0.7377857689286567,0.0,0.030640228850899454,0.7390801817680704,0.24949059726405595,0.19291338582677042
50,0.7377956274755396,0.7225519441027212,0.6942133322429163,0.6791782307314054,0.06534225580896397,0.03429398022718228,0.5096333233332115,0.49699502891331737,0.19685039370078528
51,0.6790334880171806,0.6972881130192495,0.6546670857198476,0.6321717186807689,0.22060508061898254,0.11848387320013688,0.7085555348584391,0.20433528889166738,0.20078740157480013
52,0.6320747792465836,0.6612588995979566,0.6389639731819958,0.6741398986640941,0.16685473036467008,0.2111387480500232,0.6178665354455544,0.206373606795099,0.2047244094488292
53,0.6742514427432335,0.6878142444020917,0.663218441078584,0.6398422774999355,0.11513639316877838,0.20616274213202151,0.6222030520697408,0.20682309621886172,0.20866141732284404
54,0.6393484719409764,0.6824667180219451,0.569906826558644,0.675754575312532,0.4633440423179803,0.13784433861703044,0.5433709119623411,0.3578503498362643,0.2125984251968589
55,0.6759317268000932,0.7055028439266952,0.6941633608468836,0.7063138651758143,0.18179154511463586,0.23822414607468362,0.5330433926267394,0.2680150692222385,0.21653543307087375
56,0.706418449971071,0.7185629968830997,0.7142775123908691,0.7025331530688546,0.052951939207572435,0.3296983489627595,0.40994177717614444,0.30516902707473353,0.2204724409448886
57,0.7024527789398284,0.710678422374141,0.6655034361105938,0.654165573969621,0.13785925210506839,0.047907824171626326,0.40692815863608106,0.590864115343364,0.22440944881890346
58,0.6541676655387124,0.8493342967789886,0.6739832895889828,0.8442387740361881,0.31157310203256416,0.39113296974471273,0.3939906971548434,0.2602697208212883,0.2283464566929183
59,0.8444550081975372,0.8853134494097489,0.8588773222198942,0.8844965480160116,0.266001654458641,0.33424309460398133,0.340766754317403,0.373029558880947,0.23228346456693316
60,0.8847803389054439,0.8952029044268409,0.8752174369418695,0.8695734181619423,0.21922429578454644,0.23431777707251705,0.40828825187763623,0.402534407172385,0.23622047244094801
61,0.8697882004644363,0.8584278123900252,0.8235669489264892,0.8185380008562773,0.15939847877873597,0.23141366436687816,0.35403776424820105,0.4622395257552285,0.24015748031496287
62,0.8189251709084652,0.8047290441359677,0.7177925216522316,0.703658213465923,0.20976019227842935,0.21323176637885538,0.581293450814441,0.24256235486395641,0.24409448818897772
63,0.7041776197074606,0.7032744586177201,0.7168122317130372,0.712773924669301,0.0459744153285333,0.21098499672637006,0.5753763421968562,0.24004288754444783,0.24803149606299257
64,0.7130445147089063,0.7058459234964926,0.697576035153556,0.678783261307333,0.08527771507755466,0.08085775582009466,0.04910852083561998,0.932417598974629,0.2519685039370074
65,0.6792447593423615,0.6985344633747527,0.6652049370160609,0.6663757765852893,0.21018414991322265,0.2462909585435964,0.5710601318134543,0.22012815161206797,0.2559055118110223
66,0.6664375184792636,0.6941540083860075,0.6889252687834657,0.6897813395924639,0.1708773364709637,0.24924362757822144,0.31992196874352136,0.48007693584403877,0.25984251968503713
67,0.6901142627752558,0.8042435363063068,0.7143985865765425,0.8022857588006267,0.26323517030274124,0.3531726896864571,0.32165463012963574,0.37405753212597814,0.263779527559052
68,0.8021423724695357,0.7881911626633719,0.7187143344258557,0.7140521254825576,0.2461182887667348,0.2513563729992022,0.35338481012834666,0.44292730357144827,0.26771653543308105
69,0.7142846502583141,0.7212212520238258,0.7021958639236034,0.6917815073943201,0.17922684788720428,0.17270695787776646,0.43913546243246876,0.4320160461315923,0.2716535433070959
70,0.6919049224264758,0.6942987493673315,0.7166591278613628,0.6955611362802516,0.012487825346183035,0.052956210513648225,0.20690649593287733,0.7951991149220176,0.27559055118111075
71,0.6950343112588898,0.6908425140815407,0.6811257438378391,0.6590142064777547,0.050584515116729095,0.019366212804044117,0.5217834806115523,0.4992428913812207,0.2795275590551256
72,0.6590324587916933,0.709409353996583,0.6795127045992901,0.7220001244175542,0.1502355059147812,0.253654673965035,0.34979922793483553,0.444376548760969,0.28346456692914046
73,0.722060518467671,0.7112247379577846,0.7009294347937065,0.7106317197267686,0.14472659407197724,0.2569910321840422,0.452313117769729,0.33371245667693444,0.2874015748031553
74,0.7106651389942097,0.7694110205977854,0.7251585180716871,0.773203576168572,0.3673054227890238,0.4537289100971179,0.22798781790021838,0.37129092174621287,0.29133858267717017
75,0.7732542691657786,0.7632150454824885,0.7809741749373353,0.76652917444412,0.11741466647090415,0.43781126072675847,0.24615400120264141,0.3682332332499028,0.295275590551185
76,0.766458781033451,0.794843398266193,0.7687097857954801,0.795985068330898,0.2935707138966656,0.3197537508478349,0.42518004972960377,0.29918759935065753,0.29921259842519987
77,0.7959217864196703,0.7990505454099796,0.8129489576306168,0.8094861996935616,0.08413697340349574,0.3164417613506599,0.42082407512286746,0.29610187958628204,0.3031496062992147
78,0.8096774456269961,0.7964250744280069,0.7926062135303118,0.7768048798360678,0.09070939986720594,0.060075186421668106,0.9500753950657936,0.010059156970816161,0.3070866141732296
79,0.7769046583732896,0.7690264502965448,0.7811501382147572,0.7709181149850894,0.1543993434713568,0.2164901450934511,0.5765947140818791,0.2442142655202296,0.31102362204724443
80,0.7709404419073737,0.8271943680267108,0.7906847071157934,0.8153150120462169,0.2592688282498977,0.3847410653658272,0.17347577828997926,0.4975293527759712,0.3149606299212593
81,0.8156744364944085,0.8191428788275253,0.8222998549856455,0.8338302383623575,0.1633036772186957,0.19850357338963937,0.41125644789289184,0.43533655683315653,0.31889763779527414
82,0.8337817431057671,0.8622682094810056,0.8511737529018049,0.8708495877191269,0.24562052556374625,0.4610711856590528,0.13319930008902556,0.4631604708580818,0.322834645669289
83,0.8711525259359202,0.8924835695496806,0.8845204896834804,0.8842918192416849,0.23897024275411088,0.3022386936689664,0.2809970959734543,0.4676902360845123,0.32677165354330384
84,0.8845113743435237,0.8833073448064589,0.9001707068819631,0.889563991518469,0.04561305516594549,0.2991018547435801,0.2780829509042795,0.4629194899527982,0.3307086614173329
85,0.8899024496247175,0.956145387232524,0.909391625531305,0.9699706759380986,0.2047164588900766,0.5478867615752786,0.05588332467469122,0.45705381808417306,0.33464566929134776
86,0.9702157540285871,1.0,0.986042563969711,0.9806299771066385,0.32111271493763716,0.5386834817449088,0.17647946101338266,0.34003292919412836,0.3385826771653626
87,0.9798743748647906,0.9977521615031354,1.0,0.9923366174768165,0.25064559693005384,0.3486462311605664,0.3317885402045793,0.36798715886949,0.34251968503937746
88,0.9922329348925388,0.9849665269473079,0.987948122066346,0.9783650971226912,0.22136410880957208,0.2871008268767425,0.30275000690826226,0.46009587289213144,0.3464566929133923
89,0.9785468867915782,0.9799823492722036,0.9418239917474711,0.9255389802714542,0.2780422287291662,0.22523007733959538,0.5125153921118281,0.30253388931330727,0.35039370078740717
90,0.926264817734764,0.9487867230066139,0.9082296577984827,0.9512925602165161,0.34666575659407495,0.22461561304940159,0.5848752112017627,0.2273985685558156,0.354330708661422
91,0.9516203563105748,0.9631359411451207,0.9551601081912791,0.9369872725997259,0.22140257361357368,0.22225500493021083,0.5789222849803047,0.22503073909938848,0.3582677165354369
92,0.9368379997644086,0.9730678386581114,0.950110870749594,0.9572519008763829,0.16573703543849033,0.5739774352928199,0.3673492857229967,0.10482896943816795,0.36220472440945173
93,0.9571597280270939,0.9548757745418138,0.9365598509349597,0.9631137512970822,0.2662959745748054,0.3176824899804318,0.30225756088957945,0.4299483795039324,0.3661417322834666
94,0.9633738134208,0.9658473860934439,0.9470727160228107,0.9261392202536829,0.22571721520806476,0.09704241877619327,0.4568389999621305,0.48934857328876236,0.37007874015748143
95,0.9259247522894375,0.9114583775700228,0.8670893769880885,0.8447068607063477,0.3641331229526187,0.2077690920315901,0.5113825298057106,0.32122727497513925,0.3740157480314963
96,0.8449055847975738,0.8528252207971915,0.8570849970101113,0.8550055848051172,0.1754954091459618,0.1824077539542001,0.3729200478054611,0.49160846824182314,0.37795275590551114
97,0.8552246993423039,0.854299021266203,0.8327034743511728,0.8128489240162577,0.19130610319774105,0.2674542812266462,0.3242205745598525,0.4573177720906322,0.381889763779526
98,0.812821054774772,0.8154273617304261,0.8327022784399756,0.8299888658778196,0.03284435143411921,0.2646652864256831,0.3208741947048136,0.452650750598857,0.38582677165354085
99,0.8301218736880148,0.8359588155173153,0.8271889447777865,0.810076149249338,0.05560481064195172,0.0411637101204827,0.5142463766631301,0.4852777457777432,0.3897637795275557
100,0.8100114167505107,0.8028128584634467,0.7370907834511047,0.7169791238866938,0.28687681035421836,0.09184089136151238,0.6909183288414088,0.24951300613051483,0.39370078740158476
101,0.7175348427776732,0.7398841323901656,0.7376103002038379,0.7379600319815793,0.2448897364534538,0.13382871927771872,0.379157160383489,0.5337872709545204,0.3976377952755996
102,0.7379852299468558,0.7681782735438462,0.7486479978101521,0.7739939212679319,0.1980490708270975,0.3109272285691826,0.2357060422688082,0.5063924840527608,0.40157480314961447
103,0.7739260036355852,0.7689244241418202,0.7480696054816036,0.7313162315111463,0.1505171251173874,0.10821755818334518,0.3301311039491614,0.6107905848877118,0.4055118110236293
104,0.7316000958212666,0.7398888936501878,0.7538904757885745,0.75273625002703,0.11382759349507793,0.11343324953584681,0.8520939881380668,0.059132995167829765,0.4094488188976442
105,0.7528499284844093,0.7404445955885249,0.7610895464808569,0.748265390939133,0.04394820675083588,0.11218446505179162,0.8434688741472458,0.058447821445282454,0.413385826771659
106,0.7481854365693278,0.7382522592724686,0.7455229250060809,0.7237401836400312,0.07594481135124187,0.029029058619222732,0.5116150606714717,0.5001993405843956,0.4173228346456739
107,0.7240350929494449,0.7527252691268015,0.7140616784888556,0.7621906031610153,0.28340349327324343,0.18628591506934095,0.5496018188248416,0.30275690865000493,0.42125984251968873
108,0.7624140186856018,0.7766374588658799,0.7794690524796777,0.7856413907327742,0.1641589629911776,0.49485664245637545,0.3496123623946635,0.2027285123364069,0.4251968503937036
109,0.7857668132696146,0.792424972445383,0.7911207608348247,0.7811916542816115,0.19987176487322977,0.19990358422794657,0.43458441898447175,0.4095114304097031,0.42913385826771844
110,0.7812517015792532,0.8191454635314369,0.7605928894941021,0.7518314897498972,0.30707086692849783,0.2751757325208463,0.17358674992827264,0.6072700013546322,0.4330708661417333
111,0.751932794071234,0.7454621013872859,0.7351296721322356,0.7245501619038826,0.20259933042187123,0.10314867225212863,0.367611695467831,0.5766355630069213,0.43700787401574814
112,0.7246424979660028,0.7161430746364331,0.7363812165056725,0.7157599587927888,0.034082624092522495,0.10200273354091063,0.3638314044037123,0.5707753636059831,0.440944881889763
113,0.7156162013283015,0.7130111462110521,0.7323438995784761,0.7151555214590624,0.0600033682147707,0.039197956812538584,0.5019889881583922,0.5000806811369376,0.44488188976377785
114,0.7154161707644006,0.7355020448102138,0.7018877958383409,0.7494378419962113,0.30810612272742355,0.052143229658421525,0.6953285358764538,0.2846993627056176,0.4488188976377927
115,0.7492478878637466,0.7432379333734299,0.6864619183114093,0.6682968692520881,0.2956644318931494,0.1338721638136846,0.44145954239040225,0.4685211490036157,0.45275590551180755
116,0.6685315424312913,0.6974093200311638,0.6902836667166017,0.7072463829484652,0.24474091921516,0.2840245323522332,0.4346382302223199,0.32511035823882845,0.4566929133858366
117,0.707401268054186,0.7277608506738235,0.7224051739344046,0.7257116459113251,0.28622101662110383,0.29758549321325595,0.33548661391136053,0.41531231707644156,0.46062992125985147
118,0.7256789462890821,0.7144509380779055,0.6983887348948612,0.6853636935209324,0.2433497686911799,0.17033003701258587,0.48552643949316465,0.385833918279577,0.4645669291338663
119,0.6853659397851487,0.6755843117846018,0.6800981407257081,0.6543420034645999,0.14418320619208813,0.16851228465376322,0.4805670009887926,0.38188173532591235,0.4685039370078812
120,0.6544195661382409,0.6705921083635592,0.676282372556962,0.6804855429798078,0.18827977430586496,0.03210953502190029,0.8456726389346213,0.14739544560074974,0.47244094488189603
121,0.6807315134914796,0.6861627826276523,0.6957018419119749,0.6825734516849469,0.2722973466013434,0.09029754170087739,0.4270591862673551,0.5272870287345687,0.4763779527559109
122,0.6826703343643769,0.6706665190708564,0.6762766577005253,0.6555752507785022,0.19288072385923777,0.16732372932343387,0.5196995197058946,0.353073395683491,0.48031496062992574
123,0.6556242188527698,0.7149969816790976,0.6812589122071027,0.7230960730328457,0.3266793983122498,0.3942304267462523,0.2488568831652419,0.4091004219844823,0.4842519685039406
124,0.7231524931421035,0.7110385062450179,0.6174471675055093,0.614835307908522,0.416827671807952,0.18081684122486724,0.4458745154344702,0.41682969165472866,0.48818897637795544
125,0.6148927323485475,0.6008204256971196,0.6047095115626657,0.5963176444317257,0.34145618322892857,0.09967535288361482,0.6501764891589588,0.28430920034388346,0.4921259842519703
126,0.5964939796527083,0.5836018261269548,0.5862925271018782,0.5776353313586455,0.15099816981101166,0.09856414736608184,0.6435705501579289,0.2813722645695757,0.49606299212598515
127,0.5777872581112907,0.5617671595432475,0.5501648024319234,0.5276273493715276,0.32680198437402586,0.0,0.9985582237181754,0.01953888919032961,0.5
128,0.5277607815281463,0.517161090604623,0.4282937380887011,0.3972140369044075,0.7042137685049233,0.1286991585288776,0.6105014316109547,0.296742830818821,0.5039370078740149
129,0.39648700498603684,0.4605439687546785,0.41631249750897914,0.4223778028263081,0.6539092887145395,0.2495293017706557,0.5104328053865157,0.28035022473403465,0.5078740157480297
130,0.4222306188664985,0.4402443181935184,0.35594233312125445,0.35005154102571234,0.8040343177557179,0.09414189381006746,0.37459753406748875,0.5783530207202208,0.5118110236220446
131,0.3501357691855237,0.37125748807868286,0.29402292242628114,0.3539128853329643,0.7557845285127401,0.07611698596183379,0.621568208826395,0.33787939710587483,0.5157480314960594
132,0.3534008591285901,0.40233394807136713,0.3767615996908963,0.3620708939614441,0.4130648050303857,0.07814353660701673,0.799778235994748,0.14928452901374478,0.5196850393700885
133,0.362232474462331,0.3768421229094835,0.3740594895460766,0.39043090682592263,0.2106627915997411,0.05622447122807965,0.3643484627861316,0.6271007687379282,0.5236220472441033
134,0.3904173558513534,0.4156854196555274,0.4021227474780822,0.43215996568061854,0.17171168997037484,0.04983983654584518,0.3435162048317663,0.6553110828543874,0.5275590551181182
135,0.43222226294387334,0.41558618227861543,0.39273729560442294,0.38216904451135214,0.2679154998455865,0.06866295059858876,0.6086570864336907,0.35886954141039257,0.531496062992133
136,0.38222903435669553,0.3943133388055252,0.40357085474183774,0.4016822557060413,0.21806563700702047,0.31758156093293277,0.3769534437411839,0.35185260564519777,0.5354330708661479
137,0.4017161057579429,0.3916745368526887,0.3746501750932222,0.34256140592741524,0.2490590134612059,0.08682648737097926,0.5801597999162592,0.37049068334184915,0.5393700787401627
138,0.3426340119775557,0.3851286801685637,0.3742651563316466,0.39781651057505374,0.28437234917573456,0.1701577878150788,0.5505974727821885,0.31788564012165904,0.5433070866141776
139,0.3977859172148773,0.3932855282651898,0.37714522316603694,0.359215929235736,0.24145348782492415,0.07470990211849206,0.8828261847095698,0.06578677170582635,0.5472440944881924
140,0.3592583566625732,0.35581019738261366,0.38509944662501094,0.36723995676831267,0.05021686184191443,0.07384835110861034,0.8738937487530336,0.06503506021789913,0.5511811023622073
141,0.3673230977366765,0.38495836482707013,0.3935299931780837,0.39814195107434625,0.1120489475303067,1.0,0.043079276576543646,0.017142081857731223,0.5551181102362222
142,0.3977261923063996,0.3906948825292279,0.38333589507265,0.35568618609572344,0.25187175967646935,0.24865609824697477,0.421888437121862,0.3739203119078998,0.559055118110237
143,0.35583521929994244,0.36226973986113753,0.3769065298382761,0.37498227924056926,0.18279788965093946,0.10352842482204411,0.5357963417114844,0.4001871643708153,0.5629921259842519
144,0.3749734897607918,0.37562263961435505,0.39726455778574765,0.3717508277878907,0.19569253435276496,0.2000953635252754,0.46771328956586206,0.3746374788405815,0.5669291338582667
145,0.3719101229791394,0.3643524320760839,0.3590551790517308,0.3615204821465119,0.32696212394325586,0.12442795595450955,0.6946494696005779,0.21293323739175746,0.5708661417322816
146,0.361036286122174,0.3473851568280889,0.3612567113902695,0.3393482340462316,0.3242326395767785,0.19369342698764802,0.5103549326211296,0.33641615149392995,0.5748031496062964
147,0.33924554478110835,0.3288568147927756,0.36901237854677593,0.34584153473336987,0.3091541927239604,0.19164204072907476,0.505147209185478,0.3329581462081217,0.5787401574803255
148,0.35301799752353025,0.3526460291116317,0.3787613857231601,0.3677158970508996,0.06184112227015881,0.052670832306975376,0.42814997060939775,0.5638719424862468,0.5826771653543403
149,0.3677007449487425,0.43802348292237825,0.3944958634562964,0.44676273317557547,0.36249527974129847,0.2758505473352402,0.4510229441822462,0.3161533600973058,0.5866141732283552
150,0.4467660589303536,0.448479046253757,0.46194940680159324,0.4490477201682208,0.2810337612220624,0.29841366934133834,0.25757097696313375,0.49604955820368035,0.59055118110237
151,0.44914753392361273,0.4382900431373188,0.4012329643704593,0.37995622707638055,0.3888623356267812,0.019494328106670993,0.5973796085860127,0.41997501910216145,0.5944881889763849
152,0.3798881889844853,0.39118760050572166,0.4063744363356241,0.40312530924118883,0.21781143034541306,0.19029884210251302,0.36463658377947705,0.4923681057538254,0.5984251968503997
153,0.40321829887876415,0.3921731722758103,0.3969495119073876,0.37667399976799265,0.17653960860875184,0.05296538387934517,0.6427865479660323,0.3388797126769323,0.6023622047244146
154,0.3768111437821685,0.36770970161916516,0.4011791388401338,0.381129016791681,0.04047418514296605,0.0812481721453845,0.026299231941852956,0.9559044706333536,0.6062992125984294
155,0.38128285050467825,0.37422821518656335,0.4037119310951556,0.38368535082520183,0.05006422213966677,0.04479657939754625,0.023767212770887523,0.9951037287430754,0.6102362204724443
156,0.38388886856273363,0.4290964742020159,0.4145904115831134,0.4344324282117631,0.2584553808101214,0.4113077299585987,0.41104674325296653,0.22218582078282095,0.6141732283464592
157,0.43455789461649286,0.42200586626865466,0.3947718355305554,0.4269731650860846,0.3836843190943481,0.17805328969036865,0.4364962366946827,0.42941842112568157,0.618110236220474
158,0.42692138418021586,0.413787462727491,0.41629894169395176,0.3943509481943033,0.23425332971448204,0.19704828165172278,0.3826689732136424,0.46672311565946645,0.6220472440944889
159,0.3944631340350714,0.39134696515811374,0.41887997765309803,0.39080292548279605,0.11290719911108732,0.07356603299557309,0.4601211841336819,0.5094513803618034,0.6259842519685037
160,0.39082452713683635,0.3786880465647776,0.3834238763711302,0.35516258408789647,0.228937089067144,0.10136531921537652,0.5434983731996732,0.39429296408650427,0.6299212598425186
161,0.3552645837281304,0.3492995740923014,0.3581810118565171,0.3301013855054509,0.19174009444737622,0.04948527092822453,0.11193074257003138,0.8981067027857114,0.6338582677165334
162,0.3306088135718005,0.31798396490995384,0.3080458134152382,0.27470417577751316,0.2899041727963169,0.043184022824361984,0.026028571080135163,0.9943533223078641,0.6377952755905483
163,0.2738906565344068,0.25853453133902293,0.150811878849487,0.1265105346955674,0.773033780733204,0.02754981891112647,0.7718778053390897,0.22922098878026148,0.6417322834645773
164,0.12655660261610824,0.1270134757717436,0.11030946440940126,0.11678422549051581,0.5276325742030835,0.040031347544188044,0.6162447542043197,0.37963402587821815,0.6456692913385922
165,0.11645871354797221,0.11390958796748452,0.08402862995074478,0.12947253483082755,0.5843800756945583,0.1021631421017734,0.5518452055623739,0.38475496667183834,0.649606299212607
166,0.12961861483436787,0.12178872108616778,0.08698352101906381,0.05351917518366711,0.2476214234297896,0.16303930893041796,0.33485605959547354,0.5508765292693525,0.6535433070866219
167,0.053670636255195525,0.06517704062649843,0.08906889652741401,0.05663302938848014,0.19011998595248164,0.1801870940470962,0.7138142276531828,0.1369627383008419,0.6574803149606367
168,0.056711453560762126,0.047511363197850986,0.0,0.006238473026915825,0.4012611264770968,0.0034800360437739833,0.8424097230454031,0.17951695570738246,0.6614173228346516
169,0.006005522848608669,0.04569285056783445,0.012198270052701798,0.05946808953783567,0.3064628093099102,0.1750488418949651,0.7869519748614822,0.0655488581808108,0.6653543307086665
170,0.0594831707440584,0.05368516460424466,0.06738430093756942,0.061071798443376735,0.242433844670204,0.06333319384185529,0.47709647743671685,0.5019404798856882,0.6692913385826813
171,0.06090200673102619,0.07831704602872458,0.09208140091534911,0.06492149838454853,0.21620272700853227,0.33311147949549597,0.3456188305432297,0.36908467533605016,0.6732283464566962
172,0.06523990810757041,0.05098371823231784,0.0727908473850617,0.03984039557238128,0.21059076295337048,0.20446303411401706,0.4450552143589828,0.39397826790302887,0.677165354330711
173,0.03983338011835347,0.061431595708760334,0.07626253029778507,0.07792983177238089,0.17671771976622463,0.22303338438268056,0.3456880567881491,0.4793831280238243,0.6811023622047259
174,0.07790264475812037,0.07317302764487554,0.10441303905278287,0.08298299027586453,0.15925658738001192,0.28457631787728876,0.34034038951694545,0.423274794279061,0.6850393700787407
175,0.08306714530277981,0.07484448657210785,0.11077787985967646,0.09236564769638256,0.06579587829653805,0.28161610270981924,0.3368328115123356,0.41894820256540144,0.6889763779527556
176,0.09218140361910532,0.08399683710666861,0.11253631468131431,0.07589919859575134,0.0608942607177646,0.041470050417655176,0.6281451471359408,0.3657333167364861,0.6929133858267704
177,0.07594689513647912,0.07335313748886463,0.0990607835713252,0.06578394544858979,0.10259910231672403,0.14689844464209573,0.4398446503703008,0.4571507912023644,0.6968503937007853
178,0.06566048703971994,0.062429750759157465,0.08574460260992844,0.05001766338337943,0.10850087865699498,0.05185610514565987,0.6065899455359213,0.37788513332407003,0.7007874015748001
179,0.0500459109447986,0.03456051410330552,0.07584315605258596,0.04389577197629313,0.13931557688059037,0.08993913358196798,0.62956352150636,0.3156504595892389,0.7047244094488292
180,0.04405291546733703,0.026794698067699407,0.034738692357252576,0.03282796094751306,0.17784094846653453,0.06821849286108903,0.42775237962465534,0.5486991097700956,0.708661417322844
181,0.03407339242676166,0.04391154346559112,0.046444425277732404,0.014964021534540906,0.24171134393045407,0.054373508792530195,0.433746972733117,0.556305367123325,0.7125984251968589
182,0.015156144622034184,0.0,0.04485803291399049,0.014024259526284277,0.06193383198341901,0.013037639672718253,0.6088454620178296,0.41444566674712713,0.7165354330708738
183,0.014021035060344578,0.006495591471442408,0.0428121959649892,0.01592449992831735,0.03767048273342091,0.038580334793842395,0.5194701828071076,0.4823993929233101,0.7204724409448886
184,0.015935478299293093,0.03088968431501471,0.0460823322869065,0.048306241751841617,0.11152533078323373,0.01895010086839921,0.8040383345162747,0.2041756665302086,0.7244094488189035
185,0.04811074708103047,0.04400887626884431,0.05554639618378521,0.046879977969315534,0.18420351944373875,0.332231749058008,0.4212677764362981,0.29077205346250135,0.7283464566929183
186,0.047045181018881777,0.04261805691446907,0.07195502249776897,0.05929389407790531,0.15416375517585024,0.12205153072253612,0.43273262356858017,0.48950920397937986,0.7322834645669332
187,0.05929052111183619,0.08358213525913749,0.08803405024217559,0.09705382830636056,0.17142217065979665,0.16818338621658485,0.5370883364082839,0.33400762268900647,0.736220472440948
188,0.09705811474171155,0.10249640785619762,0.12074212315259092,0.10029584125072155,0.5132451197670606,0.2741396965981963,0.37256850431657157,0.40000050396409725,0.7401574803149629
189,0.09982041966829247,0.08724997219571462,0.1271556060738538,0.09548078824783102,0.22572464925051222,0.2712838476435176,0.3687386451639655,0.3959066551535873,0.7440944881889777
190,0.09546071387753374,0.07728801104498384,0.10269866139550288,0.07011581393328759,0.21220889651352293,0.031822226491758906,0.1709813905047623,0.8539984269682928,0.7480314960629926
191,0.06998762194285757,0.05170123370985802,0.07539228358186645,0.03926940255791356,0.14779568298197232,0.19320205606918733,0.5472564416639228,0.2982777017504765,0.7519685039370074
192,0.039274052914645585,0.02339178840660694,0.05443380172128165,0.016854783665919748,0.17135472106214328,0.06636027448541403,0.6695174900124322,0.2974653385800631,0.7559055118110223
193,0.016929063202516414,0.02964659844542794,0.043935024229169506,0.04764114404053699,0.2739974294083118,0.10602707889809632,0.6080949368425695,0.32199450705534455,0.7598425196850371
194,0.04762929219088585,0.04938680617773317,0.06738729122590792,0.060045175627258085,0.24726331523766043,0.16904967686068062,0.3995913009556072,0.4770807032303933,0.763779527559052
195,0.06016912552922671,0.06151804573146302,0.09146685906626639,0.06927970283214502,0.17270804598121714,0.36484646085743466,0.14052583119306342,0.5519712403752997,0.767716535433081
196,0.06921621074527329,0.07461778484565174,0.09561421921673852,0.08155002438819292,0.1499629399132883,0.36108354426016354,0.1390163987716924,0.5463576842006778,0.7716535433070959
197,0.08172997385215242,0.07762095622128373,0.1044357654482948,0.06730444911393707,0.13044617857556218,0.09594979682632453,0.5159216595324334,0.4285921057599854,0.7755905511811108
198,0.06740672588721897,0.11357392192192262,0.10456275386564307,0.12645163450883112,0.3723800625563899,0.7757234692106036,0.10066167622253237,0.18173380239536863,0.7795275590551256
199,0.12585845918731653,0.14958041766940944,0.1352343594425488,0.15777818351828965,0.49714192658846657,0.33858828627047605,0.23491655419040267,0.479484341633648,0.7834645669291405
200,0.1579402131699119,0.1680325802408681,0.18036743458007232,0.15231177636586934,0.4143623430032519,0.2723394790613445,0.47247916859296524,0.2972119308848889,0.7874015748031553
201,0.15239332496136415,0.13987678656553137,0.1606748504089036,0.14998576250676787,0.2823508419004292,0.21817164579231224,0.3600502206821339,0.46922247702873443,0.7913385826771702
202,0.1499855089626455,0.14975331771481482,0.1665359237459394,0.13439949825784325,0.2509932631198912,0.1751059500648816,0.4885706896913378,0.37785837476533013,0.795275590551185
203,0.13414930140348413,0.12555987652942557,0.1461048659416806,0.12575106156882643,0.14597266615718585,0.0594655505433376,0.9260195934096759,0.03585373268785955,0.7992125984251999
204,0.12577733654567347,0.12544812378075587,0.15644548919639767,0.13073164391679104,0.13949660109306383,0.043262229956086876,0.04694715203843957,0.9723757611534102,0.8031496062992147
205,0.13068824354658992,0.11413418104638107,0.12428696895233704,0.08749074681834257,0.30993454658785435,0.09569045486334053,0.6122334358223881,0.3280261499833697,0.8070866141732296
206,0.08748799747882985,0.06927971272874989,0.10438938246631457,0.08326368005477913,0.21129868719189737,0.09827531581260031,0.48776337893722715,0.4557385264396616,0.8110236220472444
207,0.08343328097956793,0.1258843874637363,0.11439183503691452,0.1418718276288521,0.2557817863843859,0.38476903804482676,0.21508550562811748,0.4539412818800057,0.8149606299212593
208,0.14200751125752697,0.1650255318093684,0.1705795533150558,0.17353092549396298,0.3757565943237978,0.1803726614270278,0.5141997910839269,0.3457472593608282,0.8188976377952741
209,0.1736118730000512,0.17144433194350228,0.1963999463122631,0.17217026434994953,0.3143723569714997,0.30408552911178977,0.4921854982784344,0.24475143905213817,0.822834645669289
210,0.17193402660257595,0.1811184437227924,0.19977959407674473,0.16702537071729262,0.20453662051270272,0.30093022183197515,0.4871594691862097,0.2422100808907479,0.8267716535433038
211,0.16691558765432946,0.16541459138817916,0.18940920062864652,0.155957085844306,0.13932766270800812,0.33204005509139783,0.2253684791277943,0.4960456256648751,0.8307086614173329
212,0.1559822966628842,0.14253966680092944,0.17631350520450784,0.15517032906625328,0.17190736221396696,0.06361050685549736,0.6171627721402368,0.3550310846919826,0.8346456692913478
213,0.1550016454651556,0.14080726430261337,0.17016509608511088,0.14352069315935456,0.20795745852194836,0.044047331841567415,0.7252537421188064,0.2614889641402167,0.8385826771653626
214,0.14365996418518434,0.14650494388579083,0.17144953397050322,0.1389587076258445,0.1781379968379434,0.26064112724670063,0.3699559000150409,0.4162700533771558,0.8425196850393775
215,0.13904578492186492,0.13324917321017482,0.16253090220498456,0.13148705522464943,0.16156207611853513,0.14002999389914217,0.6929498278759498,0.19906901234564153,0.8464566929133923
216,0.13137047371580524,0.14107844961222593,0.16683402408999626,0.1543077464695971,0.2149401150541968,0.19853973813890546,0.3926986044951768,0.454727951354854,0.8503937007874072
217,0.15441191425921308,0.1377260088894683,0.1787115340883625,0.1429370401507708,0.031815220581203396,0.19643988876881963,0.38866744434078476,0.45008682807043643,0.854330708661422
218,0.14304294374473714,0.13885598174987868,0.17644142381281258,0.1503761283281284,0.030517423567929275,0.651303858717802,0.009587794973109517,0.4018269756527494,0.8582677165354369
219,0.15053244435555602,0.1682718652476325,0.1860355997858445,0.17233850226754022,0.2106014267125313,0.33406856173827487,0.2972551794185644,0.4187555621654023,0.8622047244094517
220,0.17244249995322736,0.15764768672626905,0.17941651608378328,0.1499749978894782,0.1393578546112264,0.177265323369302,0.4505563079607141,0.41548939601430274,0.8661417322834666
221,0.1499559176291062,0.16561558258911535,0.1722553226039436,0.1771274224331394,0.2710879988303043,0.3347559137636802,0.24452686211620467,0.47326616227790963,0.8700787401574814
222,0.17718750466172895,0.1898263686630841,0.21068359187331498,0.17747012652925964,0.3319679567480439,0.32135713391384435,0.28105836302881754,0.4484568031569542,0.8740157480314963
223,0.17749459323178818,0.17554598402449817,0.20239113138522147,0.19290521367844538,0.1920130185950828,0.25618120454700477,0.5033933546018855,0.2810500064928985,0.8779527559055111
224,0.19292227528877537,0.1911295814599021,0.22582791515955558,0.1936418039776101,0.13129125612361758,0.0426336310689491,0.9510636295564582,0.026512598374390586,0.881889763779526
225,0.19385383283778468,0.19512968344252568,0.22106960191428404,0.19001138852833777,0.13138758398647093,0.02416570184589402,0.03884975377748513,0.9999999999999999,0.8858267716535408
226,0.19001445066047895,0.20072520105387714,0.20860067521282266,0.18369018479869637,0.3035329087349752,0.15567257497482034,0.5534920313662363,0.3293791749065386,0.8897637795275557
227,0.18335154887107363,0.16913296551989077,0.20498485931344057,0.17489679961751026,0.1989372396306201,0.08614909277572783,0.543515561701972,0.4095316677782169,0.8937007874015848
228,0.17486358803826274,0.17535417475610604,0.1883085673194974,0.15592594349971878,0.2440399247049313,0.19721347855603227,0.47126136160914456,0.37381266921789763,0.8976377952755996
229,0.1561320825285487,0.1459888960137884,0.1860714832459076,0.15165338110634097,0.1420812975967784,0.1259116930729457,0.40896550536795173,0.5105198916801147,0.9015748031496145
230,0.15170378146729413,0.13378208921790635,0.10752056887729844,0.07070867414729542,0.379974929443442,0.02868684231814557,0.6476326838132174,0.35814958570524724,0.9055118110236293
231,0.07055927335053858,0.06892051306202707,0.10710830477497113,0.08070924174471528,0.19669462630903972,0.028285521906267402,0.6410521828656448,0.3544742460773258,0.9094488188976442
232,0.08052870667935119,0.07999619081089304,0.11549386397272932,0.09346735107503734,0.13292283933367255,0.02047080806706996,0.07069994902376864,0.970361691198556,0.913385826771659
233,0.09339377599283671,0.07521184849836804,0.10991361372043507,0.08878045681169466,0.2544696034459679,0.15621201653449762,0.4817692305816113,0.403922804692886,0.9173228346456739
234,0.08887216329961412,0.07920766562557102,0.1104564546541631,0.09325822182360566,0.25747530528737955,0.049968271289971104,0.6756254043896324,0.3075067403833793,0.9212598425196887
235,0.09322015438792108,0.08397425524996371,0.1186174748051324,0.08864566355999337,0.25866708288913803,0.1100479099725459,0.47330822748392726,0.4590673248108048,0.9251968503937036
236,0.0886784978315227,0.08420272573297705,0.12431414760785553,0.09578226235188825,0.24541739346165897,0.28027843277720077,0.3633742225474295,0.4034706803217302,0.9291338582677184
237,0.09563426787562535,0.08473455346265368,0.08474670300594533,0.049303075816369946,0.40576513698439676,0.04670536612349615,0.7063407526255864,0.2786233494139278,0.9330708661417333
238,0.0493979446074192,0.033746278044214706,0.07423496748428893,0.04173677693450839,0.232474600752324,0.012767069440853745,0.7894715867266675,0.2256246975332789,0.9370078740157481
239,0.041720398909149026,0.026721375290208238,0.06492254512718598,0.027007611237476192,0.15086921993027458,0.03266488246262953,0.09222889059622684,0.9355971520949723,0.940944881889763
240,0.026955038718551094,0.03432741852562027,0.06437717934082832,0.05061939249121994,0.26825550516940644,0.10067137223220118,0.6057602941499288,0.32980854893129996,0.9448818897637778
241,0.050650607527974234,0.04077635020604509,0.06495065431389191,0.03324676123420578,0.29444774054227285,0.19559782544799964,0.32740487615702635,0.5260318682458035,0.9488188976377927
242,0.033349178766508114,0.03653975164622081,0.07114086078479587,0.04201496161314433,0.276591843234159,0.029343188832674325,0.648279223958016,0.35681464691990195,0.9527559055118076
243,0.04204847887802576,0.02878774333432854,0.06618664877969116,0.044697084818549504,0.2334013845726291,0.04174318519414323,0.6244000941850136,0.36938003827679106,0.9566929133858366
244,0.04466864964461881,0.035863387009121395,0.07165745359419284,0.03924218649959399,0.2183853281385149,0.23647733893126138,0.3010913358176843,0.5125904559543013,0.9606299212598515
245,0.039247847122834134,0.023167671384062838,0.06769682162306923,0.03446965018203263,0.14017153893701234,0.19653707236049778,0.0,0.8678408764077843,0.9645669291338663
246,0.034489434420964415,0.021867995055612655,0.06560307337541726,0.0398294278294844,0.16334509903168348,0.07704579378008732,0.11390515298967067,0.868405903692276,0.9685039370078812
247,0.03990901793970614,0.022963959313864413,0.06683574548763538,0.0337862053062411,0.21397802350969752,0.13797039779410541,0.5814985221228987,0.3178092397205422,0.972440944881896
248,0.033978185030106633,0.027286055435437606,0.03713785114753276,0.0,0.4210530817310122,0.23597738181505007,0.33263123452725046,0.4800735281090226,0.9763779527559109
249,0.0,0.0019301292133361292,0.0318402850423547,0.015690456593237534,0.305182857174778,0.054522928989997665,0.5713577461992005,0.4120948019304063,0.9803149606299257
250,0.015679853777214925,0.001588137573344639,0.046546693887420165,0.017059986284452933,0.2619629148269591,0.29849886294851763,0.25991769693251426,0.4935074628068207,0.9842519685039406
251,0.017004227082697443,0.0720061215873925,0.05451653359903408,0.0881649841420793,0.49294558373263053,0.4349041308923925,0.2600247141875715,0.356627265105667,0.9881889763779554
252,0.0880354747664378,0.08318022041756679,0.11772323943750262,0.09854264784329125,0.32894074221955094,0.43044063759477175,0.2573202929362554,0.35296714868374135,0.9921259842519703
253,0.09849306680872816,0.08353812773233349,0.1258283072755313,0.10161784474931201,0.29459806232109026,0.033923738583399435,0.1460480913181869,0.8779931302990692,0.9960629921259851
254,0.10166904367695151,0.10682306116389195,0.1325291923241575,0.12245705401511264,0.5176767725762773,0.17946792117409854,0.49282394692618214,0.36903218603248034,1.0
